n,run_idx,phase1_shots,phase2_shots,fidelity,elapsed_s,support_size,support_hit,support_indices
2,0,8196,8196,0.9999914252333939,0.41438392200507224,2,1,00 11
2,1,8196,8196,0.9999951767215249,0.25270021699543577,2,1,00 11
2,2,8196,8196,0.9999921249317905,0.24140221100242343,2,1,00 11
2,3,8196,8196,0.9999430299343004,0.2423116380086867,2,1,00 11
2,4,8196,8196,0.9999794235323958,0.23496452599647455,2,1,00 11
2,5,8196,8196,0.9999999387921097,0.29164522100472823,2,1,00 11
2,6,8196,8196,0.9998358483977743,0.2552135189907858,2,1,00 11
2,7,8196,8196,0.9999601782854729,0.24148062900349032,2,1,00 11
2,8,8196,8196,0.9999205110782775,0.26066990398976486,2,1,00 11
2,9,8196,8196,0.9999999846321969,0.23815403500339016,2,1,00 11
2,10,8196,8196,0.9999996278343632,0.2711636120075127,2,1,00 11
2,11,8196,8196,0.9999980361627647,0.26338626199867576,2,1,00 11
2,12,8196,8196,0.9999989244405533,0.2385013839957537,2,1,00 11
2,13,8196,8196,0.9999935661262508,0.2706140700029209,2,1,00 11
2,14,8196,8196,0.9999268769432015,0.27717577600560617,2,1,00 11
2,15,8196,8196,0.9999899365637811,0.2557795159955276,2,1,00 11
2,16,8196,8196,0.9999909259858125,0.24653682799544185,2,1,00 11
2,17,8196,8196,0.9999997550067902,0.24599615100305527,2,1,00 11
2,18,8196,8196,0.9999401935495769,0.2927156279911287,2,1,00 11
2,19,8196,8196,0.9999921249317902,0.2538229850033531,2,1,00 11
2,20,8196,8196,0.9999906957759754,0.28792356699705124,2,1,00 11
2,21,8196,8196,0.9998949489740571,0.244729637997807,2,1,00 11
2,22,8196,8196,0.9999960955701395,0.24486908299149945,2,1,00 11
2,23,8196,8196,0.999969853746136,0.2611572879977757,2,1,00 11
2,24,8196,8196,0.9999987941823314,0.2861311390006449,2,1,00 11
2,25,8196,8196,0.9999891475580003,0.33741796200047247,2,1,00 11
2,26,8196,8196,0.9999960839718267,0.4699022419954417,2,1,00 11
2,27,8196,8196,0.9999597450397545,0.35538064398861025,2,1,00 11
2,28,8196,8196,0.9999967694451862,0.2846721599926241,2,1,00 11
2,29,8196,8196,0.9999712322672051,0.26581348999752663,2,1,00 11
2,30,8196,8196,0.9999901697124257,0.27182947799155954,2,1,00 11
2,31,8196,8196,0.9999918663335006,0.27319516699935775,2,1,00 11
2,32,8196,8196,0.9999754492096969,0.27258330000040587,2,1,00 11
2,33,8196,8196,0.9999937438588351,0.2847467649989994,2,1,00 11
2,34,8196,8196,0.9999974062671942,0.288897778998944,2,1,00 11
2,35,8196,8196,0.999998656480746,0.28767029600567184,2,1,00 11
2,36,8196,8196,0.9999962292905883,0.32977141300216317,2,1,00 11
2,37,8196,8196,0.9999927948240395,0.32398418300726917,2,1,00 11
2,38,8196,8196,0.9999934351125426,0.32017551800527144,2,1,00 11
2,39,8196,8196,0.9999646088808118,0.33136661899334285,2,1,00 11
2,40,8196,8196,0.9999952043077164,0.32345766900107265,2,1,00 11
2,41,8196,8196,0.9999270503865864,0.3269471919920761,2,1,00 11
2,42,8196,8196,0.9999946259120727,0.28902180900331587,2,1,00 11
2,43,8196,8196,0.9999807065683342,0.3218743199977325,2,1,00 11
2,44,8196,8196,0.9999919185316799,0.33197638898855075,2,1,00 11
2,45,8196,8196,0.9999806692501543,0.30687405398930423,2,1,00 11
2,46,8196,8196,0.9999982586854572,0.30721254598756786,2,1,00 11
2,47,8196,8196,0.9999899365637811,0.3551064429921098,2,1,00 11
2,48,8196,8196,0.9999981987193463,0.28271167099592276,2,1,00 11
2,49,8196,8196,0.9999838130224369,0.28851210699940566,2,1,00 11
2,50,8196,8196,0.9999778157495681,0.2917141279904172,2,1,00 11
2,51,8196,8196,0.9999991388378782,0.30189300401252694,2,1,00 11
2,52,8196,8196,0.9999954033447042,0.28060619700409006,2,1,00 11
2,53,8196,8196,0.9999934349575113,0.29858646100910846,2,1,00 11
2,54,8196,8196,0.9999735889019262,0.3069987979979487,2,1,00 11
2,55,8196,8196,0.9999974028363222,0.30809561398928054,2,1,00 11
2,56,8196,8196,0.9999217276998481,0.3067661829991266,2,1,00 11
2,57,8196,8196,0.9999951767215249,0.3057178279996151,2,1,00 11
2,58,8196,8196,0.9999807066069221,0.3285969979915535,2,1,00 11
2,59,8196,8196,0.9999963874526979,0.3486132510006428,2,1,00 11
2,60,8196,8196,0.9999918784281899,0.31849009000870865,2,1,00 11
2,61,8196,8196,0.9999892238879607,0.2916627869999502,2,1,00 11
2,62,8196,8196,0.9999801682647879,0.25316768400080036,2,1,00 11
2,63,8196,8196,0.9999808454580182,0.286845666996669,2,1,00 11
2,64,8196,8196,0.9999971305763657,0.273261326001375,2,1,00 11
2,65,8196,8196,0.9999987941847432,0.2897472800104879,2,1,00 11
2,66,8196,8196,0.9999987941823314,0.32239847000164445,2,1,00 11
2,67,8196,8196,0.9999996278351073,0.31217841399484314,2,1,00 11
2,68,8196,8196,0.9999997618145007,0.28680506300588604,2,1,00 11
2,69,8196,8196,0.999998511335791,0.3142079149984056,2,1,00 11
2,70,8196,8196,0.9999986668065974,0.2583590930007631,2,1,00 11
2,71,8196,8196,0.9998729332521168,0.26825826399726793,2,1,00 11
2,72,8196,8196,0.9999946259120727,0.29681723899557255,2,1,00 11
2,73,8196,8196,0.9999876137664415,0.27668696599721443,2,1,00 11
2,74,8196,8196,0.9999228219601777,0.2684904180059675,2,1,00 11
2,75,8196,8196,0.9999427725580096,0.2663410610111896,2,1,00 11
2,76,8196,8196,0.9999481770940509,0.3048038980050478,2,1,00 11
2,77,8196,8196,0.9999999404536357,0.3007936170033645,2,1,00 11
2,78,8196,8196,0.9999832932116668,0.3304151379998075,2,1,00 11
2,79,8196,8196,0.9999184743858762,0.3022691969963489,2,1,00 11
2,80,8196,8196,0.9999807066069221,0.27209770600893535,2,1,00 11
2,81,8196,8196,0.9999998660204024,0.2870208849926712,2,1,00 11
2,82,8196,8196,1.0,0.30403523799031973,2,1,00 11
2,83,8196,8196,0.9999270503865864,0.32263186799536925,2,1,00 11
2,84,8196,8196,1.0,0.29690177299198695,2,1,00 11
2,85,8196,8196,0.9999998293594461,0.2753786669927649,2,1,00 11
2,86,8196,8196,1.0,0.27241146699816454,2,1,00 11
2,87,8196,8196,0.9999507786901194,0.28543136999360286,2,1,00 11
2,88,8196,8196,0.9999992899505349,0.2418916800088482,2,1,00 11
2,89,8196,8196,0.9999967843435981,0.2973163510032464,2,1,00 11
2,90,8196,8196,0.9999956977569354,0.3105648979981197,2,1,00 11
2,91,8196,8196,0.9999447368119347,0.31161609799892176,2,1,00 11
2,92,8196,8196,0.9999985113387682,0.29342096799518913,2,1,00 11
2,93,8196,8196,0.9999998660204024,0.29746659500233363,2,1,00 11
2,94,8196,8196,0.9999856937535787,0.2981995449954411,2,1,00 11
2,95,8196,8196,0.9999516310322907,0.2727453000115929,2,1,00 11
2,96,8196,8196,0.9999427726724707,0.3128911980020348,2,1,00 11
2,97,8196,8196,0.9999833028549009,0.295629795989953,2,1,00 11
2,98,8196,8196,1.0,0.324027800001204,2,1,00 11
2,99,8196,8196,0.9998684447826004,0.2965084699972067,2,1,00 11
2,100,8196,8196,0.9999999961650277,0.27485471100953873,2,1,00 11
2,101,8196,8196,0.999999996278345,0.2691752389946487,2,1,00 11
2,102,8196,8196,0.9999703108796193,0.28617020400997717,2,1,00 11
2,103,8196,8196,0.9999549659466461,0.30951128200103994,2,1,00 11
2,104,8196,8196,1.0,0.3012702679989161,2,1,00 11
2,105,8196,8196,0.9999988466593001,0.31997146998764947,2,1,00 11
2,106,8196,8196,0.9999796198427249,0.31699883300461806,2,1,00 11
2,107,8196,8196,0.9999999069586166,0.3135120920051122,2,1,00 11
2,108,8196,8196,0.999999101472719,0.29041059500013944,2,1,00 11
2,109,8196,8196,0.9999883287770996,0.30939182901056483,2,1,00 11
2,110,8196,8196,0.999953663547473,0.30914642399875447,2,1,00 11
2,111,8196,8196,0.99997390359184,0.2779887070064433,2,1,00 11
2,112,8196,8196,0.9999371000743957,0.276816287994734,2,1,00 11
2,113,8196,8196,0.9999721978900752,0.33321492800314445,2,1,00 11
2,114,8196,8196,0.999963076159316,0.2940888140001334,2,1,00 11
2,115,8196,8196,0.9999549660367181,0.2863519870006712,2,1,00 11
2,116,8196,8196,0.9999934349575108,0.39605021799798124,2,1,00 11
2,117,8196,8196,0.9999817635944916,0.552909409001586,2,1,00 11
2,118,8196,8196,0.9998729332521168,0.349992953997571,2,1,00 11
2,119,8196,8196,0.9998860113227434,0.4872543689998565,2,1,00 11
2,120,8196,8196,0.9999993865241302,0.45727620300021954,2,1,00 11
2,121,8196,8196,0.99997253981534,0.28915642500214744,2,1,00 11
2,122,8196,8196,0.9999993935205358,0.3311344069952611,2,1,00 11
2,123,8196,8196,0.9999906957945836,0.3268406349961879,2,1,00 11
2,124,8196,8196,0.999964824044037,0.37751580199983437,2,1,00 11
2,125,8196,8196,0.9999981987193463,0.33676304201071616,2,1,00 11
2,126,8196,8196,0.9999249510666776,0.31426603900035843,2,1,00 11
2,127,8196,8196,0.9999992705565501,0.36202849399705883,2,1,00 11
3,0,8196,8196,0.9999549661267896,0.4121948899992276,2,1,000 111
3,1,8196,8196,0.9999969525900578,0.35622925199277233,2,1,000 111
3,2,8196,8196,0.999999047259228,0.3952024030004395,2,1,000 111
3,3,8196,8196,0.9999670500804855,0.4890479080058867,2,1,000 111
3,4,8196,8196,0.9999927948528599,0.4012423289968865,2,1,000 111
3,5,8196,8196,0.9999999999999998,0.3809355410048738,2,1,000 111
3,6,8196,8196,0.9999997019013995,0.3496109170082491,2,1,000 111
3,7,8196,8196,0.9999985113417453,0.30850569599715527,2,1,000 111
3,8,8196,8196,0.9999749750657475,0.3513713169959374,2,1,000 111
3,9,8196,8196,0.9999838936219971,0.33501779098878615,2,1,000 111
3,10,8196,8196,0.9999754717639829,0.33554727300361264,2,1,000 111
3,11,8196,8196,0.9999988418270824,0.33028222901339177,2,1,000 111
3,12,8196,8196,0.9998735684731133,0.3988767780101625,2,1,000 111
3,13,8196,8196,0.9999994478552392,0.31476717900659423,2,1,000 111
3,14,8196,8196,0.9999999665051039,0.36777784800506197,2,1,000 111
3,15,8196,8196,0.9999929827146714,0.4141679739987012,2,1,000 111
3,16,8196,8196,0.9999999415568026,0.3110776950052241,2,1,000 111
3,17,8196,8196,0.999998143562176,0.3424515359947691,2,1,000 111
3,18,8196,8196,0.999986177432591,0.41589886699512135,2,1,000 111
3,19,8196,8196,0.9999821285744614,0.3264854610024486,2,1,000 111
3,20,8196,8196,0.9999895526267868,0.347263533010846,2,1,000 111
3,21,8196,8196,0.9999723007254772,0.3365715440013446,2,1,000 111
3,22,8196,8196,0.9999940550574737,0.33550206800282467,2,1,000 111
3,23,8196,8196,0.9999997109969696,0.3101677090016892,2,1,000 111
3,24,8196,8196,0.999974571041683,0.3871098639938282,2,1,000 111
3,25,8196,8196,0.9999966910526566,0.30914710799697787,2,1,000 111
3,26,8196,8196,0.9999606990505371,0.33713756198994815,2,1,000 111
3,27,8196,8196,0.9999794093063863,0.3030890579975676,2,1,000 111
3,28,8196,8196,0.9999732203218097,0.6241041430039331,2,1,000 111
3,29,8196,8196,0.9999712789776105,0.4912581160024274,2,1,000 111
3,30,8196,8196,0.9999606926523098,0.34889543300960213,2,1,000 111
3,31,8196,8196,0.9999995496795445,0.4245480719982879,2,1,000 111
3,32,8196,8196,0.9999996064682547,0.3787059699970996,2,1,000 111
3,33,8196,8196,0.9999995496795445,0.3054634510044707,2,1,000 111
3,34,8196,8196,0.9999988476114916,0.4400019269960467,2,1,000 111
3,35,8196,8196,0.9999727323566173,0.35125771300226916,2,1,000 111
3,36,8196,8196,0.9999614362231808,0.2894630810042145,2,1,000 111
3,37,8196,8196,0.9999643690728443,0.266457730991533,2,1,000 111
3,38,8196,8196,0.9999977799718323,0.2862634129996877,2,1,000 111
3,39,8196,8196,0.9999910642265392,0.2911491599952569,2,1,000 111
3,40,8196,8196,0.999999952214163,0.2993350190081401,2,1,000 111
3,41,8196,8196,0.9999934349837711,0.2907345889980206,2,1,000 111
3,42,8196,8196,0.9999996278358518,0.31938295799773186,2,1,000 111
3,43,8196,8196,0.9999999042206725,0.3208605149993673,2,1,000 111
3,44,8196,8196,0.9999631553766284,0.29192700299608987,2,1,000 111
3,45,8196,8196,0.9999735594608835,0.4538851200049976,2,1,000 111
3,46,8196,8196,0.9999913763439457,0.29809038501116447,2,1,000 111
3,47,8196,8196,0.9999552890068021,0.30709713099349756,2,1,000 111
3,48,8196,8196,0.9999581817358496,0.2922860800026683,2,1,000 111
3,49,8196,8196,0.9999996971433157,0.319923689996358,2,1,000 111
3,50,8196,8196,0.9999745759002918,0.3072997540002689,2,1,000 111
3,51,8196,8196,0.9998000011228271,0.32150778399955016,2,1,000 111
3,52,8196,8196,0.9999990986517128,0.3394678229960846,2,1,000 111
3,53,8196,8196,0.9999724739921694,0.2890174229978584,2,1,000 111
3,54,8196,8196,0.9999991815091641,0.3741912190016592,2,1,000 111
3,55,8196,8196,0.9999855734687609,0.3602981220028596,2,1,000 111
3,56,8196,8196,0.9999951400170826,0.31754082000406925,2,1,000 111
3,57,8196,8196,0.9999831048439066,0.3044066510046832,2,1,000 111
3,58,8196,8196,0.9999996982246043,0.39620681399537716,2,1,000 111
3,59,8196,8196,0.9999958838826527,0.3510706270026276,2,1,000 111
3,60,8196,8196,0.9999914252333935,0.3469851489935536,2,1,000 111
3,61,8196,8196,0.9999929662427719,0.34460621599282604,2,1,000 111
3,62,8196,8196,0.9999677938174145,0.3673638740001479,2,1,000 111
3,63,8196,8196,0.9999764934803522,0.32114861300215125,2,1,000 111
3,64,8196,8196,0.99994946362703,0.2951520180067746,2,1,000 111
3,65,8196,8196,0.9999933279330436,0.32831619899661746,2,1,000 111
3,66,8196,8196,0.9999970822139802,0.30632609300664626,2,1,000 111
3,67,8196,8196,0.9999827149305625,0.29773596599989105,2,1,000 111
3,68,8196,8196,0.9999218344411965,0.30074908200185746,2,1,000 111
3,69,8196,8196,0.9999993834780763,0.32351845799712464,2,1,000 111
3,70,8196,8196,0.999990637081622,0.2943461069953628,2,1,000 111
3,71,8196,8196,0.9999982298867187,0.31989257100212853,2,1,000 111
3,72,8196,8196,0.9999493270773165,0.3131558320019394,2,1,000 111
3,73,8196,8196,0.9999828015698616,0.34526566800195724,2,1,000 111
3,74,8196,8196,0.9999728924642054,0.35753586200007703,2,1,000 111
3,75,8196,8196,0.9999995496795445,0.3458531460055383,2,1,000 111
3,76,8196,8196,0.9999978563221346,0.7356122929923004,2,1,000 111
3,77,8196,8196,0.9999996149779078,0.509990681995987,2,1,000 111
3,78,8196,8196,0.9999472948659621,0.5189539200073341,2,1,000 111
3,79,8196,8196,0.9999625096954485,0.48497443700034637,2,1,000 111
3,80,8196,8196,0.9999859316300027,0.42884838600002695,2,1,000 111
3,81,8196,8196,0.9999758350113065,0.38248579800711013,2,1,000 111
3,82,8196,8196,0.9999906957759754,0.3437029229971813,2,1,000 111
3,83,8196,8196,0.999949821507032,0.2984877279959619,2,1,000 111
3,84,8196,8196,0.999996870078363,0.3466879829938989,2,1,000 111
3,85,8196,8196,0.9999722335238961,0.3343735529924743,2,1,000 111
3,86,8196,8196,0.999999948643221,0.3697775670007104,2,1,000 111
3,87,8196,8196,0.9999999999999998,0.36970902601024136,2,1,000 111
3,88,8196,8196,0.9999780891532328,0.3242232099873945,2,1,000 111
3,89,8196,8196,0.9999847559297851,0.30262963600398507,2,1,000 111
3,90,8196,8196,0.9999702664516767,0.2980582579912152,2,1,000 111
3,91,8196,8196,0.9999937757955274,0.2998010520095704,2,1,000 111
3,92,8196,8196,0.9999944356569794,0.32158759799494874,2,1,000 111
3,93,8196,8196,0.9999793715847416,0.31450929898710456,2,1,000 111
3,94,8196,8196,0.9999984728246165,0.3351820690004388,2,1,000 111
3,95,8196,8196,0.999992666244179,0.34788815199863166,2,1,000 111
3,96,8196,8196,0.9999716295826899,0.3321294999914244,2,1,000 111
3,97,8196,8196,0.9999870447511675,0.32061316900944803,2,1,000 111
3,98,8196,8196,0.9999998183045451,0.32393293600762263,2,1,000 111
3,99,8196,8196,0.9999838742125141,0.3163132570043672,2,1,000 111
3,100,8196,8196,0.9999876189570586,0.3274834439944243,2,1,000 111
3,101,8196,8196,0.9999586244866197,0.309966353001073,2,1,000 111
3,102,8196,8196,0.999933169764157,0.3348750270088203,2,1,000 111
3,103,8196,8196,0.9999962562724805,0.30789879099756945,2,1,000 111
3,104,8196,8196,0.9999937438588351,0.33231133900699206,2,1,000 111
3,105,8196,8196,0.9998212503539,0.30529301799833775,2,1,000 111
3,106,8196,8196,0.9999895457618629,0.32487151300301775,2,1,000 111
3,107,8196,8196,0.9999891256550932,0.3244211770070251,2,1,000 111
3,108,8196,8196,0.999957671677749,0.312983258991153,2,1,000 111
3,109,8196,8196,0.9999993710399121,0.324190573010128,2,1,000 111
3,110,8196,8196,0.9999892041193074,0.31519402700359933,2,1,000 111
3,111,8196,8196,0.999999173553036,0.3174646190018393,2,1,000 111
3,112,8196,8196,0.999963116775461,0.32492370800173376,2,1,000 111
3,113,8196,8196,0.999949919102773,0.3033489080116851,2,1,000 111
3,114,8196,8196,0.9999985113357905,0.3193700510018971,2,1,000 111
3,115,8196,8196,0.999998834136626,0.3147626179998042,2,1,000 111
3,116,8196,8196,0.9999676381824131,0.30711459400481544,2,1,000 111
3,117,8196,8196,0.9999533133802595,0.3042937650025124,2,1,000 111
3,118,8196,8196,0.9999815431801604,0.47374358400702477,2,1,000 111
3,119,8196,8196,0.99999624605969,0.5806379309942713,2,1,000 111
3,120,8196,8196,0.9999805562685896,0.5360906300047645,2,1,000 111
3,121,8196,8196,0.9999959638621038,0.426881356004742,2,1,000 111
3,122,8196,8196,0.9999970822139804,0.4483146440034034,2,1,000 111
3,123,8196,8196,0.9999464751285368,0.3541493019874906,2,1,000 111
3,124,8196,8196,0.9999496806589627,0.39471643599972595,2,1,000 111
3,125,8196,8196,0.9999951767311717,0.35443715599831194,2,1,000 111
3,126,8196,8196,0.999967469962051,0.36795170200639404,2,1,000 111
3,127,8196,8196,0.9999991780425578,0.4100411069957772,2,1,000 111
4,0,8196,8196,0.9998839396104761,0.3434202939970419,2,1,0000 1111
4,1,8196,8196,0.9999728793359968,0.3468486290075816,2,1,0000 1111
4,2,8196,8196,0.9999983614958353,0.3417534250038443,2,1,0000 1111
4,3,8196,8196,0.999978089153233,0.32566638200660236,2,1,0000 1111
4,4,8196,8196,0.9999904409068245,0.3243331789999502,2,1,0000 1111
4,5,8196,8196,0.9999885558283301,0.3335016239871038,2,1,0000 1111
4,6,8196,8196,0.9999256049030812,0.3287891390064033,2,1,0000 1111
4,7,8196,8196,0.9999996648803077,0.3340557820047252,2,1,0000 1111
4,8,8196,8196,0.9999999992003015,0.3390367829997558,2,1,0000 1111
4,9,8196,8196,0.999894190254514,0.32762135099619627,2,1,0000 1111
4,10,8196,8196,0.999942849594125,0.30092829099157825,2,1,0000 1111
4,11,8196,8196,0.999983944175212,0.341247342992574,2,1,0000 1111
4,12,8196,8196,0.9999213299627678,0.31898062300751917,2,1,0000 1111
4,13,8196,8196,0.999990508326946,0.33716921499581076,2,1,0000 1111
4,14,8196,8196,0.999995728033043,0.28234339100890793,2,1,0000 1111
4,15,8196,8196,0.9999833193717909,0.345084902990493,2,1,0000 1111
4,16,8196,8196,0.9999942740615438,0.3070511190016987,2,1,0000 1111
4,17,8196,8196,0.9999972187819537,0.3164548370114062,2,1,0000 1111
4,18,8196,8196,0.999934926552201,0.3278911829984281,2,1,0000 1111
4,19,8196,8196,0.9999664091790474,0.30996004899498075,2,1,0000 1111
4,20,8196,8196,0.9999978563221346,0.31504604799556546,2,1,0000 1111
4,21,8196,8196,0.9999461704205892,0.33059953700285405,2,1,0000 1111
4,22,8196,8196,0.9999976739602253,0.32107629199163057,2,1,0000 1111
4,23,8196,8196,0.9999748014766242,0.32188721500278916,2,1,0000 1111
4,24,8196,8196,0.9999925760560342,0.2934698019962525,2,1,0000 1111
4,25,8196,8196,0.9999402001222826,0.33585269399918616,2,1,0000 1111
4,26,8196,8196,0.9999832154806897,0.316303172003245,2,1,0000 1111
4,27,8196,8196,0.9999228218058098,0.30228971599717624,2,1,0000 1111
4,28,8196,8196,0.9999159823091515,0.3385630660050083,2,1,0000 1111
4,29,8196,8196,0.9999985062369982,0.3453707320004469,2,1,0000 1111
4,30,8196,8196,0.9999874801958935,0.3406511670036707,2,1,0000 1111
4,31,8196,8196,0.9999461076049916,0.3333179979963461,2,1,0000 1111
4,32,8196,8196,0.9999817016289121,0.4768361640017247,2,1,0000 1111
4,33,8196,8196,0.999878796471312,0.5215103630034719,2,1,0000 1111
4,34,8196,8196,0.999993118612584,0.6152691230090568,2,1,0000 1111
4,35,8196,8196,0.9999995604042115,0.47430016500584316,2,1,0000 1111
4,36,8196,8196,0.9999987442295429,0.48152353600016795,2,1,0000 1111
4,37,8196,8196,0.9999733084995167,0.3898805919889128,2,1,0000 1111
4,38,8196,8196,0.9999948494472204,0.35604856901045423,2,1,0000 1111
4,39,8196,8196,0.9999974841549021,0.35659555399615783,2,1,0000 1111
4,40,8196,8196,0.9999967385585395,0.35563759999058675,2,1,0000 1111
4,41,8196,8196,0.99995187336412,0.35264767399348784,2,1,0000 1111
4,42,8196,8196,0.9999697895316889,0.36040130200854037,2,1,0000 1111
4,43,8196,8196,0.9999998907539526,0.36630759900435805,2,1,0000 1111
4,44,8196,8196,0.9999830010889088,0.36321575299371034,2,1,0000 1111
4,45,8196,8196,0.9999991626269277,0.34260055600316264,2,1,0000 1111
4,46,8196,8196,0.9999961501722607,0.3353822089993628,2,1,0000 1111
4,47,8196,8196,0.9999613208177984,0.33225712001149077,2,1,0000 1111
4,48,8196,8196,0.9999966233628712,0.3635771909903269,2,1,0000 1111
4,49,8196,8196,0.9999834108167142,0.33135595299245324,2,1,0000 1111
4,50,8196,8196,0.999975771259147,0.37194025599455927,2,1,0000 1111
4,51,8196,8196,0.9999874167212697,0.3525002219976159,2,1,0000 1111
4,52,8196,8196,0.9999341633105455,0.35684670899354387,2,1,0000 1111
4,53,8196,8196,0.9999935453738308,0.3509683260053862,2,1,0000 1111
4,54,8196,8196,0.9999999931290409,0.3305150579981273,2,1,0000 1111
4,55,8196,8196,0.9999948252797088,0.37203014599799644,2,1,0000 1111
4,56,8196,8196,0.9999900683604915,0.30999802600126714,2,1,0000 1111
4,57,8196,8196,0.9999986940329589,0.3282346799969673,2,1,0000 1111
4,58,8196,8196,0.9999913594313296,0.31239791499683633,2,1,0000 1111
4,59,8196,8196,0.99999443564956,0.32274894299916923,2,1,0000 1111
4,60,8196,8196,0.9999823281008762,0.33777158199518453,2,1,0000 1111
4,61,8196,8196,0.9999425083851912,0.30005593500391115,2,1,0000 1111
4,62,8196,8196,0.9999991644629376,0.33693318300356623,2,1,0000 1111
4,63,8196,8196,0.9999831454711632,0.34868711700255517,2,1,0000 1111
4,64,8196,8196,0.9999894426678128,0.331767313007731,2,1,0000 1111
4,65,8196,8196,0.9999796198019635,0.3192988829978276,2,1,0000 1111
4,66,8196,8196,0.9999729367147502,0.31850015600502957,2,1,0000 1111
4,67,8196,8196,0.9999833085677864,0.3416124229988782,2,1,0000 1111
4,68,8196,8196,0.9999746765945413,0.3299633879942121,2,1,0000 1111
4,69,8196,8196,0.9999087599677859,0.3375755820015911,2,1,0000 1111
4,70,8196,8196,0.9999952211411614,0.3712722080090316,2,1,0000 1111
4,71,8196,8196,0.9999995518692839,0.338547715000459,2,1,0000 1111
4,72,8196,8196,0.9999878272076596,0.3474098580045393,2,1,0000 1111
4,73,8196,8196,0.9999932160448638,0.5452354940061923,2,1,0000 1111
4,74,8196,8196,0.9999998823218464,0.5760475400020368,2,1,0000 1111
4,75,8196,8196,0.9999220246299955,0.3707990919938311,2,1,0000 1111
4,76,8196,8196,0.9999816180409495,0.4399553020048188,2,1,0000 1111
4,77,8196,8196,0.9999888207809211,0.5220233150030253,2,1,0000 1111
4,78,8196,8196,0.9999608321240951,0.4513903699989896,2,1,0000 1111
4,79,8196,8196,0.999999998300622,0.3649583350052126,2,1,0000 1111
4,80,8196,8196,0.9999867744986761,0.3212119759991765,2,1,0000 1111
4,81,8196,8196,0.9999605606257266,0.3640126490063267,2,1,0000 1111
4,82,8196,8196,0.9999830378423955,0.3071909329883056,2,1,0000 1111
4,83,8196,8196,0.9998923746969054,0.3222635369893396,2,1,0000 1111
4,84,8196,8196,0.9999812423601148,0.31580993700481486,2,1,0000 1111
4,85,8196,8196,0.9999975298261514,0.3322699080017628,2,1,0000 1111
4,86,8196,8196,0.9999026368911148,0.32163639600912575,2,1,0000 1111
4,87,8196,8196,0.9999450129065149,0.31019836400810163,2,1,0000 1111
4,88,8196,8196,0.9998388276699474,0.30902220599818975,2,1,0000 1111
4,89,8196,8196,0.9999998195374201,0.31825489399489015,2,1,0000 1111
4,90,8196,8196,0.9999779338206927,0.3190941859938903,2,1,0000 1111
4,91,8196,8196,0.9999565935285145,0.3281107520015212,2,1,0000 1111
4,92,8196,8196,0.9999994469416392,0.32121834000281524,2,1,0000 1111
4,93,8196,8196,0.9999581348528274,0.34355617000255734,2,1,0000 1111
4,94,8196,8196,0.9999872104365506,0.3619079719937872,2,1,0000 1111
4,95,8196,8196,0.9999463334001657,0.30724738200660795,2,1,0000 1111
4,96,8196,8196,0.9999920824676987,0.31198264099657536,2,1,0000 1111
4,97,8196,8196,0.9999769200103628,0.3137975040008314,2,1,0000 1111
4,98,8196,8196,0.9999998317034584,0.30659924099745695,2,1,0000 1111
4,99,8196,8196,0.9999501603300429,0.3303701050026575,2,1,0000 1111
4,100,8196,8196,0.9999288248031115,0.3368010120029794,2,1,0000 1111
4,101,8196,8196,0.9999912874382733,0.33275520800089,2,1,0000 1111
4,102,8196,8196,0.9999999982742587,0.3192814000067301,2,1,0000 1111
4,103,8196,8196,0.9999960892382281,0.3151358169998275,2,1,0000 1111
4,104,8196,8196,0.9999939852902752,0.2980694479920203,2,1,0000 1111
4,105,8196,8196,0.9999213909189263,0.41219421399000566,2,1,0000 1111
4,106,8196,8196,0.9999337925490812,0.3871767630043905,2,1,0000 1111
4,107,8196,8196,0.9998957362269567,0.3414445320086088,2,1,0000 1111
4,108,8196,8196,0.9999983849584966,0.32077943299373146,2,1,0000 1111
4,109,8196,8196,0.9998961959889215,0.3067499539902201,2,1,0000 1111
4,110,8196,8196,0.999997549406657,0.2817194610106526,2,1,0000 1111
4,111,8196,8196,0.9999696743406387,0.3025807609956246,2,1,0000 1111
4,112,8196,8196,0.9999933833910056,0.30992310600413475,2,1,0000 1111
4,113,8196,8196,0.9999988460874185,0.32905338700220454,2,1,0000 1111
4,114,8196,8196,0.999999938599847,0.34411097200063523,2,1,0000 1111
4,115,8196,8196,0.9999890577569772,0.4184325940004783,2,1,0000 1111
4,116,8196,8196,0.9999825539227138,0.7590050130093005,2,1,0000 1111
4,117,8196,8196,0.9999461731130804,0.5885833039938007,2,1,0000 1111
4,118,8196,8196,0.9999882291533434,0.6183136219915468,2,1,0000 1111
4,119,8196,8196,0.9999935041311092,0.4612339220038848,2,1,0000 1111
4,120,8196,8196,0.9999996271067665,0.3564175659994362,2,1,0000 1111
4,121,8196,8196,0.9999924475913181,0.3849294719984755,2,1,0000 1111
4,122,8196,8196,0.9999261240746481,0.4319022060080897,2,1,0000 1111
4,123,8196,8196,0.9999685603274405,0.43292776599992067,2,1,0000 1111
4,124,8196,8196,0.999997536304172,0.33362058700004127,2,1,0000 1111
4,125,8196,8196,0.9999735792768973,0.4416178819956258,2,1,0000 1111
4,126,8196,8196,0.9999927559866678,0.3678475760098081,2,1,0000 1111
4,127,8196,8196,0.9999983077051299,0.3960447139979806,2,1,0000 1111
5,0,8196,8196,0.9999975138107299,0.3525119590049144,2,1,00000 11111
5,1,8196,8196,0.9999725175180252,0.30788663000566885,2,1,00000 11111
5,2,8196,8196,0.9998553953079278,0.28216441901167855,2,1,00000 11111
5,3,8196,8196,0.9999956644929373,0.3169447050022427,2,1,00000 11111
5,4,8196,8196,0.9999064915880174,0.3025936129997717,2,1,00000 11111
5,5,8196,8196,0.9999987242353304,0.32907953999529127,2,1,00000 11111
5,6,8196,8196,0.9999999754726289,0.31679330200131517,2,1,00000 11111
5,7,8196,8196,0.9999986474059206,0.31332723499508575,2,1,00000 11111
5,8,8196,8196,0.9999914367125707,0.4113959709939081,2,1,00000 11111
5,9,8196,8196,0.999980808991803,0.3863252370065311,2,1,00000 11111
5,10,8196,8196,0.9999746765945413,0.32569791401328985,2,1,00000 11111
5,11,8196,8196,0.9999930573549536,0.3219893899949966,2,1,00000 11111
5,12,8196,8196,0.9999959262891492,0.3311533039959613,2,1,00000 11111
5,13,8196,8196,0.9999684309123458,0.35986108001088724,2,1,00000 11111
5,14,8196,8196,0.9999790718783048,0.3565845190023538,2,1,00000 11111
5,15,8196,8196,0.9999980288363354,0.3260193669993896,2,1,00000 11111
5,16,8196,8196,0.9999797295134446,0.3102067489962792,2,1,00000 11111
5,17,8196,8196,0.9999869311806048,0.3271629130031215,2,1,00000 11111
5,18,8196,8196,0.9999613903928396,0.31148174799454864,2,1,00000 11111
5,19,8196,8196,0.9999925638148384,0.35337805800372735,2,1,00000 11111
5,20,8196,8196,0.9999404016878629,0.38562924500729423,2,1,00000 11111
5,21,8196,8196,0.9999822064747765,0.3208551069983514,2,1,00000 11111
5,22,8196,8196,0.9999656155575847,0.34163237099710386,2,1,00000 11111
5,23,8196,8196,0.9999986630602763,0.3872205679945182,2,1,00000 11111
5,24,8196,8196,0.9998956598844002,0.3738519210019149,2,1,00000 11111
5,25,8196,8196,0.9999998277122631,0.34740496799349785,2,1,00000 11111
5,26,8196,8196,0.9999994640813953,0.7051619390113046,2,1,00000 11111
5,27,8196,8196,0.999971066129103,0.6473612130066613,2,1,00000 11111
5,28,8196,8196,0.9999433008565352,0.47301120100019034,2,1,00000 11111
5,29,8196,8196,0.9999993799983755,0.5110825200099498,2,1,00000 11111
5,30,8196,8196,0.9999936509450046,0.6270894759945804,2,1,00000 11111
5,31,8196,8196,0.9999694032942503,0.45674074899579864,2,1,00000 11111
5,32,8196,8196,0.9999588968869239,0.3580214739922667,2,1,00000 11111
5,33,8196,8196,0.9999980247815011,0.37385921498935204,2,1,00000 11111
5,34,8196,8196,0.9999691046776688,0.3854664069949649,2,1,00000 11111
5,35,8196,8196,0.9999799651306351,0.3518565470003523,2,1,00000 11111
5,36,8196,8196,0.9999895737674078,0.36729323500185274,2,1,00000 11111
5,37,8196,8196,0.999956497368391,0.36412609899707604,2,1,00000 11111
5,38,8196,8196,0.9999932137824528,0.34520815599535126,2,1,00000 11111
5,39,8196,8196,0.9999930696555797,0.31330700099351816,2,1,00000 11111
5,40,8196,8196,0.9999917163683831,0.35944675099744927,2,1,00000 11111
5,41,8196,8196,0.9999885394416616,0.36443062299804296,2,1,00000 11111
5,42,8196,8196,0.9999999889837703,0.39189441499183886,2,1,00000 11111
5,43,8196,8196,0.9999943743549887,0.32074580500193406,2,1,00000 11111
5,44,8196,8196,1.0,0.3735884859925136,2,1,00000 11111
5,45,8196,8196,0.9999322414571142,0.3506527410063427,2,1,00000 11111
5,46,8196,8196,0.9999934349575108,0.30554539400327485,2,1,00000 11111
5,47,8196,8196,0.9999628817324444,0.3196185849956237,2,1,00000 11111
5,48,8196,8196,0.9999972877004482,0.28972858800261747,2,1,00000 11111
5,49,8196,8196,0.9999980931980196,0.2892361309932312,2,1,00000 11111
5,50,8196,8196,0.9999954895109495,0.306343045012909,2,1,00000 11111
5,51,8196,8196,0.9999998762906028,0.32579918300325517,2,1,00000 11111
5,52,8196,8196,0.9999032107173444,0.2881269549980061,2,1,00000 11111
5,53,8196,8196,0.9999666959937131,0.3110636890050955,2,1,00000 11111
5,54,8196,8196,0.9999867617723397,0.3412094689992955,2,1,00000 11111
5,55,8196,8196,0.9999784403999171,0.3618215899914503,2,1,00000 11111
5,56,8196,8196,0.9999955313983048,0.4313192449917551,2,1,00000 11111
5,57,8196,8196,0.9999906859295432,0.37301237000792753,2,1,00000 11111
5,58,8196,8196,0.9999962483577953,0.30341750200022943,2,1,00000 11111
5,59,8196,8196,0.9999808940529172,0.30448436900042,2,1,00000 11111
5,60,8196,8196,0.9998838225478747,0.2997059789922787,2,1,00000 11111
5,61,8196,8196,0.9999831867061624,0.2977810129959835,2,1,00000 11111
5,62,8196,8196,0.9999999847809758,0.36984608600323554,2,1,00000 11111
5,63,8196,8196,0.9999940383159195,0.29956266398949083,2,1,00000 11111
5,64,8196,8196,0.9998929613224075,0.3150246570003219,2,1,00000 11111
5,65,8196,8196,0.9999944145460669,0.31169423199025914,2,1,00000 11111
5,66,8196,8196,0.9999923933880969,0.5873802089918172,2,1,00000 11111
5,67,8196,8196,0.9999996811671831,0.6398440129996743,2,1,00000 11111
5,68,8196,8196,0.999999965672551,0.58365614801005,2,1,00000 11111
5,69,8196,8196,0.9999806569192786,0.535590109997429,2,1,00000 11111
5,70,8196,8196,0.9999425070749627,0.4651448149961652,2,1,00000 11111
5,71,8196,8196,0.9999424077191161,0.40305063700361643,2,1,00000 11111
5,72,8196,8196,0.999945149270146,0.38019221600552555,2,1,00000 11111
5,73,8196,8196,0.9999717594790164,0.4501569949934492,2,1,00000 11111
5,74,8196,8196,0.999981638488258,0.3639303570089396,2,1,00000 11111
5,75,8196,8196,0.9999769620113856,0.3541940449940739,2,1,00000 11111
5,76,8196,8196,0.9998801266585408,0.5180456050002249,2,1,00000 11111
5,77,8196,8196,0.9999918340018011,0.4028589350054972,2,1,00000 11111
5,78,8196,8196,0.9999606174115527,0.37440355301077943,2,1,00000 11111
5,79,8196,8196,0.9999701989032851,0.3552078290085774,2,1,00000 11111
5,80,8196,8196,0.9999537882357891,0.3794776639988413,2,1,00000 11111
5,81,8196,8196,0.9999996447052395,0.38699259200075176,2,1,00000 11111
5,82,8196,8196,0.9999871852000889,0.3527851500111865,2,1,00000 11111
5,83,8196,8196,0.9999175129937733,0.4067890509904828,2,1,00000 11111
5,84,8196,8196,0.9999999371233016,0.3609309570019832,2,1,00000 11111
5,85,8196,8196,0.9999509383829874,0.39767286300775595,2,1,00000 11111
5,86,8196,8196,0.9999833550984211,0.3909103539917851,2,1,00000 11111
5,87,8196,8196,0.9999951562825181,0.36240216900478117,2,1,00000 11111
5,88,8196,8196,0.9999924484196148,0.3023868750024121,2,1,00000 11111
5,89,8196,8196,0.9999980602223372,0.32249004299228545,2,1,00000 11111
5,90,8196,8196,0.9999846436544995,0.31247770799382124,2,1,00000 11111
5,91,8196,8196,0.9999688998535663,0.3216175959969405,2,1,00000 11111
5,92,8196,8196,0.9999964895092279,0.3078480560070602,2,1,00000 11111
5,93,8196,8196,0.9999890676500547,0.2888668039959157,2,1,00000 11111
5,94,8196,8196,0.999992655699177,0.29495693498756737,2,1,00000 11111
5,95,8196,8196,0.9999623135629372,0.28885391699441243,2,1,00000 11111
5,96,8196,8196,0.999907114667647,0.32172198400076013,2,1,00000 11111
5,97,8196,8196,0.9999973803670602,0.2999338079971494,2,1,00000 11111
5,98,8196,8196,0.9999878407697496,0.31932618300197646,2,1,00000 11111
5,99,8196,8196,0.9999997113313122,0.3185256290016696,2,1,00000 11111
5,100,8196,8196,0.9999681502444806,0.3282226690062089,2,1,00000 11111
5,101,8196,8196,0.9999977704918487,0.32902960799401626,2,1,00000 11111
5,102,8196,8196,0.9999999247654493,0.3410146899987012,2,1,00000 11111
5,103,8196,8196,0.9999358058272453,0.31991340800595935,2,1,00000 11111
5,104,8196,8196,0.9999973860111961,0.33294453300186433,2,1,00000 11111
5,105,8196,8196,0.9998000903611574,0.5675476699980209,2,1,00000 11111
5,106,8196,8196,0.9999642565198251,0.5378937070054235,2,1,00000 11111
5,107,8196,8196,0.9999446983276484,0.49447982500714716,2,1,00000 11111
5,108,8196,8196,0.9999360295755295,0.43531174899544567,2,1,00000 11111
5,109,8196,8196,0.9999987941823314,0.5459996610006783,2,1,00000 11111
5,110,8196,8196,0.9999267476560632,0.4737914929864928,2,1,00000 11111
5,111,8196,8196,0.9999364408357807,0.3137118899903726,2,1,00000 11111
5,112,8196,8196,0.9999418395782305,0.32740492999437265,2,1,00000 11111
5,113,8196,8196,0.999959835885019,0.33489687100518495,2,1,00000 11111
5,114,8196,8196,0.9997724914243072,0.34718301000248175,2,1,00000 11111
5,115,8196,8196,0.9999358087026111,0.3707552200066857,2,1,00000 11111
5,116,8196,8196,0.9999878728393445,0.32474241199088283,2,1,00000 11111
5,117,8196,8196,0.999984183263657,0.2819501420017332,2,1,00000 11111
5,118,8196,8196,0.99999999934903,0.33883853899897076,2,1,00000 11111
5,119,8196,8196,0.9999239879978975,0.348051046996261,2,1,00000 11111
5,120,8196,8196,0.9999979941262489,0.321561313001439,2,1,00000 11111
5,121,8196,8196,0.999981763558018,0.36436531800427474,2,1,00000 11111
5,122,8196,8196,0.9999916518206052,0.3568305799999507,2,1,00000 11111
5,123,8196,8196,0.9999776956719649,0.3176272550044814,2,1,00000 11111
5,124,8196,8196,0.9999804353807045,0.3232851860084338,2,1,00000 11111
5,125,8196,8196,0.9999480648590083,0.3109328930004267,2,1,00000 11111
5,126,8196,8196,0.9999824098955155,0.33351315099571366,2,1,00000 11111
5,127,8196,8196,0.99999714054287,0.319212261994835,2,1,00000 11111
6,0,8196,8196,0.9999991136420935,0.408075547995395,2,1,000000 111111
6,1,8196,8196,0.9999958035945549,0.37631779299408663,2,1,000000 111111
6,2,8196,8196,0.9999839866072827,0.38227408299280796,2,1,000000 111111
6,3,8196,8196,0.999985908440481,0.3793336749949958,2,1,000000 111111
6,4,8196,8196,0.9999998570736761,0.38900328100135084,2,1,000000 111111
6,5,8196,8196,0.999761820569534,0.367551903007552,2,1,000000 111111
6,6,8196,8196,0.9999943167988544,0.3448097240034258,2,1,000000 111111
6,7,8196,8196,0.9999999021102794,0.3530800709995674,2,1,000000 111111
6,8,8196,8196,0.9999756568801047,0.3546566690056352,2,1,000000 111111
6,9,8196,8196,0.9998336152299837,0.33157020100043155,2,1,000000 111111
6,10,8196,8196,0.9999841994363732,0.3411325869965367,2,1,000000 111111
6,11,8196,8196,0.9999872607044964,0.3307929319998948,2,1,000000 111111
6,12,8196,8196,0.9999961927279198,0.3541551179951057,2,1,000000 111111
6,13,8196,8196,0.9999733375777033,0.36633724300190806,2,1,000000 111111
6,14,8196,8196,0.9999997865007327,0.35830703399551567,2,1,000000 111111
6,15,8196,8196,0.9999901545264582,0.3472342050081352,2,1,000000 111111
6,16,8196,8196,0.999941366845067,0.3711618569941493,2,1,000000 111111
6,17,8196,8196,0.9999963531679565,0.6494323410006473,2,1,000000 111111
6,18,8196,8196,0.9999934523749705,0.6527181010023924,2,1,000000 111111
6,19,8196,8196,0.9996404601416286,0.4419989440066274,2,1,000000 111111
6,20,8196,8196,0.9999963752285745,0.4341172179993009,2,1,000000 111111
6,21,8196,8196,0.9999984808452306,0.4959026729920879,2,1,000000 111111
6,22,8196,8196,0.9998984597500395,0.412669019002351,2,1,000000 111111
6,23,8196,8196,0.9999342396020471,0.37596059699717443,2,1,000000 111111
6,24,8196,8196,0.9999236376589979,0.3822608640039107,2,1,000000 111111
6,25,8196,8196,0.999954468117213,0.3852151660103118,2,1,000000 111111
6,26,8196,8196,0.9999553763625905,0.40888632999849506,2,1,000000 111111
6,27,8196,8196,0.9998960226500434,0.3793335929949535,2,1,000000 111111
6,28,8196,8196,0.9999996880265479,0.3863828100002138,2,1,000000 111111
6,29,8196,8196,0.9999196855326731,0.38126101599482354,2,1,000000 111111
6,30,8196,8196,0.9999376624800448,0.3834739809972234,2,1,000000 111111
6,31,8196,8196,0.9999037787687454,0.3409914200019557,2,1,000000 111111
6,32,8196,8196,0.9999361962333527,0.34515606200147886,2,1,000000 111111
6,33,8196,8196,0.999994100458354,0.3398776300018653,2,1,000000 111111
6,34,8196,8196,0.9999844231642112,0.37842777000332717,2,1,000000 111111
6,35,8196,8196,0.9999845615375693,0.3769993780006189,2,1,000000 111111
6,36,8196,8196,0.9999997578119566,0.3639117150014499,2,1,000000 111111
6,37,8196,8196,0.9999861923927688,0.4035816940013319,2,1,000000 111111
6,38,8196,8196,0.9998728268204873,0.3536119780037552,2,1,000000 111111
6,39,8196,8196,0.9999999849374684,0.34405908999906387,2,1,000000 111111
6,40,8196,8196,0.9999878311120586,0.3268330629944103,2,1,000000 111111
6,41,8196,8196,0.9999491798061938,0.34244595900236163,2,1,000000 111111
6,42,8196,8196,0.9999968772071063,0.408443983993493,2,1,000000 111111
6,43,8196,8196,0.9999957361832104,0.3398408689972712,2,1,000000 111111
6,44,8196,8196,0.9998662337922297,0.32920516599551775,2,1,000000 111111
6,45,8196,8196,0.9999856081892826,0.35727850600960664,2,1,000000 111111
6,46,8196,8196,0.9999898356487478,0.36488588800420985,2,1,000000 111111
6,47,8196,8196,0.9999887829629351,0.3587067920016125,2,1,000000 111111
6,48,8196,8196,0.999990379135191,0.31679773499490693,2,1,000000 111111
6,49,8196,8196,0.9999924837808615,0.3307182849966921,2,1,000000 111111
6,50,8196,8196,0.9999944692966558,0.33924673798901495,2,1,000000 111111
6,51,8196,8196,0.9999989235533154,0.3440304279938573,2,1,000000 111111
6,52,8196,8196,0.9999457701521661,0.3273072610027157,2,1,000000 111111
6,53,8196,8196,0.9998913214993348,0.3664802499988582,2,1,000000 111111
6,54,8196,8196,0.9999582632563169,0.37218604200461414,2,1,000000 111111
6,55,8196,8196,0.9999100063565048,0.3511623459926341,2,1,000000 111111
6,56,8196,8196,0.9999971229739663,0.6034373759903247,2,1,000000 111111
6,57,8196,8196,0.9999503420524027,0.61685737100197,2,1,000000 111111
6,58,8196,8196,0.9999899365436542,0.4984136480052257,2,1,000000 111111
6,59,8196,8196,0.9998413954325359,0.5224204139958601,2,1,000000 111111
6,60,8196,8196,0.9999997139382168,0.4644962950114859,2,1,000000 111111
6,61,8196,8196,0.9999181659222586,0.3977375109971035,2,1,000000 111111
6,62,8196,8196,0.9999999383964854,0.37296214899106417,2,1,000000 111111
6,63,8196,8196,0.9999199569145674,0.3946966240037,2,1,000000 111111
6,64,8196,8196,0.9998535984416028,0.3780014929943718,2,1,000000 111111
6,65,8196,8196,0.9999707355587196,0.428498737004702,2,1,000000 111111
6,66,8196,8196,0.9998898864340013,0.39035412699740846,2,1,000000 111111
6,67,8196,8196,0.9999932193911664,0.349169058012194,2,1,000000 111111
6,68,8196,8196,0.9999961000666825,0.35329322899633553,2,1,000000 111111
6,69,8196,8196,0.9999950039900051,0.36609345900069457,2,1,000000 111111
6,70,8196,8196,0.9999752678837028,0.3568812919984339,2,1,000000 111111
6,71,8196,8196,0.9999595081558055,0.3637747379980283,2,1,000000 111111
6,72,8196,8196,0.9999884476621167,0.3261688010097714,2,1,000000 111111
6,73,8196,8196,0.9999971363214464,0.35733677599637304,2,1,000000 111111
6,74,8196,8196,0.9999996203989125,0.3780813000048511,2,1,000000 111111
6,75,8196,8196,0.9999829670564835,0.35359482700005174,2,1,000000 111111
6,76,8196,8196,0.9999938078891836,0.3266765779990237,2,1,000000 111111
6,77,8196,8196,0.9999373216378153,0.34093400499841664,2,1,000000 111111
6,78,8196,8196,0.9999973333485556,0.3447156539914431,2,1,000000 111111
6,79,8196,8196,0.9998309778086768,0.33287853399815504,2,1,000000 111111
6,80,8196,8196,0.9999480633869055,0.353073291000328,2,1,000000 111111
6,81,8196,8196,0.9999211236714701,0.34672142899944447,2,1,000000 111111
6,82,8196,8196,0.9999999853147425,0.3590379460074473,2,1,000000 111111
6,83,8196,8196,0.9997947754073115,0.3437324980041012,2,1,000000 111111
6,84,8196,8196,0.9999871390381685,0.32486176799284294,2,1,000000 111111
6,85,8196,8196,0.999974024587546,0.33667472600063775,2,1,000000 111111
6,86,8196,8196,0.9999994903953696,0.3541040459967917,2,1,000000 111111
6,87,8196,8196,0.9999914892832453,0.36440393299562857,2,1,000000 111111
6,88,8196,8196,0.9999993901817729,0.34723440700327046,2,1,000000 111111
6,89,8196,8196,0.9999254405107811,0.333478443993954,2,1,000000 111111
6,90,8196,8196,0.9997239077232943,0.3481322190054925,2,1,000000 111111
6,91,8196,8196,0.9999952793439527,0.3483700049982872,2,1,000000 111111
6,92,8196,8196,0.9999866670135196,0.3438458919990808,2,1,000000 111111
6,93,8196,8196,0.9999955180325444,0.3616688490001252,2,1,000000 111111
6,94,8196,8196,0.9999993298959494,0.3609741990076145,2,1,000000 111111
6,95,8196,8196,0.9999374599431071,0.6998225360002834,2,1,000000 111111
6,96,8196,8196,0.9999474347368927,0.5597002389986301,2,1,000000 111111
6,97,8196,8196,0.9999831334052685,0.48104825500922743,2,1,000000 111111
6,98,8196,8196,0.9999841081298628,0.46484317698923405,2,1,000000 111111
6,99,8196,8196,0.9998764863758188,0.5091506809985731,2,1,000000 111111
6,100,8196,8196,0.9999966009142996,0.47426445299061015,2,1,000000 111111
6,101,8196,8196,0.9999995568637319,0.4120150439994177,2,1,000000 111111
6,102,8196,8196,0.9999880688658875,0.39459066800191067,2,1,000000 111111
6,103,8196,8196,0.9999717058540359,0.42400390400143806,2,1,000000 111111
6,104,8196,8196,0.9998070812100037,0.390733991007437,2,1,000000 111111
6,105,8196,8196,0.9999946974744705,0.40483445800782647,2,1,000000 111111
6,106,8196,8196,0.9997975667983686,0.33442705299239606,2,1,000000 111111
6,107,8196,8196,0.9999971272540281,0.37047987899859436,2,1,000000 111111
6,108,8196,8196,0.9999892311485266,0.37240579900390003,2,1,000000 111111
6,109,8196,8196,0.9999828540807463,0.39612528499856126,2,1,000000 111111
6,110,8196,8196,0.9999171794188281,0.3396375430020271,2,1,000000 111111
6,111,8196,8196,0.9999695870940861,0.38336795500072185,2,1,000000 111111
6,112,8196,8196,0.999983711452192,0.4082428279943997,2,1,000000 111111
6,113,8196,8196,0.9999676943080831,0.36754643100721296,2,1,000000 111111
6,114,8196,8196,0.999954576095998,0.3743951200012816,2,1,000000 111111
6,115,8196,8196,0.9999903552173444,0.3852743759925943,2,1,000000 111111
6,116,8196,8196,0.9998664155479638,0.373576033001882,2,1,000000 111111
6,117,8196,8196,0.9997693527696542,0.3677304979937617,2,1,000000 111111
6,118,8196,8196,0.9999975851348584,0.35513024000101723,2,1,000000 111111
6,119,8196,8196,0.9999940829176135,0.36259713300387375,2,1,000000 111111
6,120,8196,8196,0.9999973571661185,0.33644350500253495,2,1,000000 111111
6,121,8196,8196,0.9998998462246945,0.32713281900214497,2,1,000000 111111
6,122,8196,8196,0.9998302080963001,0.33888967300299555,2,1,000000 111111
6,123,8196,8196,0.9999758560640023,0.37221478900755756,2,1,000000 111111
6,124,8196,8196,0.9999829285219675,0.33999088300333824,2,1,000000 111111
6,125,8196,8196,0.9999980621856785,0.35433558699151035,2,1,000000 111111
6,126,8196,8196,0.999999488857255,0.32998425599362236,2,1,000000 111111
6,127,8196,8196,0.9999983129547899,0.34520522798993625,2,1,000000 111111
7,0,8196,8196,0.9998138269552834,0.5377731839980697,2,1,0000000 1111111
7,1,8196,8196,0.9999640632746333,0.35845719899225514,2,1,0000000 1111111
7,2,8196,8196,0.9999988628631669,0.3369807139970362,2,1,0000000 1111111
7,3,8196,8196,0.9999847178784359,0.3659461990027921,2,1,0000000 1111111
7,4,8196,8196,0.9998412118326022,0.5443502819980495,2,1,0000000 1111111
7,5,8196,8196,0.9999724964770821,0.6932858370128088,2,1,0000000 1111111
7,6,8196,8196,0.9999942665953915,0.48003633800544776,2,1,0000000 1111111
7,7,8196,8196,0.9999974381019271,0.593689446002827,2,1,0000000 1111111
7,8,8196,8196,0.9999953430810259,0.5074398900032975,2,1,0000000 1111111
7,9,8196,8196,0.9999940178207893,0.36351349599135574,2,1,0000000 1111111
7,10,8196,8196,0.9999938852266828,0.377153682988137,2,1,0000000 1111111
7,11,8196,8196,0.9999900398796321,0.3740735460014548,2,1,0000000 1111111
7,12,8196,8196,0.9999753970266257,0.38470516199595295,2,1,0000000 1111111
7,13,8196,8196,0.9999999384270538,0.3675436049961718,2,1,0000000 1111111
7,14,8196,8196,0.9999363627117182,0.3656424729997525,2,1,0000000 1111111
7,15,8196,8196,0.9998932985945559,0.37666039100440685,2,1,0000000 1111111
7,16,8196,8196,1.0,0.34542488399893045,2,1,0000000 1111111
7,17,8196,8196,0.9999664515140033,0.368622548005078,2,1,0000000 1111111
7,18,8196,8196,0.9998928407507027,0.37149047599814367,2,1,0000000 1111111
7,19,8196,8196,0.9999382369777817,0.36742433698964305,2,1,0000000 1111111
7,20,8196,8196,0.9997991045446313,0.3531660189910326,2,1,0000000 1111111
7,21,8196,8196,0.9999842444687621,0.4109458980092313,2,1,0000000 1111111
7,22,8196,8196,0.9999998770698202,0.3507708559918683,2,1,0000000 1111111
7,23,8196,8196,0.9999848404739057,0.37970333300472703,2,1,0000000 1111111
7,24,8196,8196,0.9999919411199018,0.3630170160031412,2,1,0000000 1111111
7,25,8196,8196,0.9997459075664569,0.3773949820024427,2,1,0000000 1111111
7,26,8196,8196,0.9999885675963294,0.36702373099979013,2,1,0000000 1111111
7,27,8196,8196,0.9999756980903587,0.358343961997889,2,1,0000000 1111111
7,28,8196,8196,0.9999160965807882,0.35856939799850807,2,1,0000000 1111111
7,29,8196,8196,0.9998508584422038,0.39745341399975587,2,1,0000000 1111111
7,30,8196,8196,0.99999235232682,0.37069305099430494,2,1,0000000 1111111
7,31,8196,8196,0.9999079970247019,0.3812121499940986,2,1,0000000 1111111
7,32,8196,8196,0.9999997617038594,0.3729798069980461,2,1,0000000 1111111
7,33,8196,8196,0.999977102383028,0.3760734149982454,2,1,0000000 1111111
7,34,8196,8196,0.9999995360827528,0.3626649919897318,2,1,0000000 1111111
7,35,8196,8196,0.9999418651743535,0.36131835299602244,2,1,0000000 1111111
7,36,8196,8196,0.9999959144242315,0.3564195520011708,2,1,0000000 1111111
7,37,8196,8196,0.999958052490364,0.3553834249905776,2,1,0000000 1111111
7,38,8196,8196,0.9999758533685925,0.3549929319997318,2,1,0000000 1111111
7,39,8196,8196,0.9999930327976171,0.39838608299032785,2,1,0000000 1111111
7,40,8196,8196,0.9997550689934988,0.34986978700908367,2,1,0000000 1111111
7,41,8196,8196,0.9999747345646665,0.3562078079994535,2,1,0000000 1111111
7,42,8196,8196,0.9999988259962089,0.7100208040064899,2,1,0000000 1111111
7,43,8196,8196,0.9999848410688923,0.628979803994298,2,1,0000000 1111111
7,44,8196,8196,0.9999807118971574,0.4700350050115958,2,1,0000000 1111111
7,45,8196,8196,0.9999812250430297,0.6442985920002684,2,1,0000000 1111111
7,46,8196,8196,0.9999852959788641,0.48089404399797786,2,1,0000000 1111111
7,47,8196,8196,0.999999318373437,0.424319651996484,2,1,0000000 1111111
7,48,8196,8196,0.999980679891064,0.44085521101078484,2,1,0000000 1111111
7,49,8196,8196,0.9999675920416097,0.4293953200103715,2,1,0000000 1111111
7,50,8196,8196,0.9999770010869361,0.39395003698882647,2,1,0000000 1111111
7,51,8196,8196,0.9999946517911505,0.40373995900154114,2,1,0000000 1111111
7,52,8196,8196,0.9999093404690086,0.3797980140079744,2,1,0000000 1111111
7,53,8196,8196,0.9999650197606736,0.40385224600322545,2,1,0000000 1111111
7,54,8196,8196,0.9998389289377123,0.38251699499960523,2,1,0000000 1111111
7,55,8196,8196,0.9999814653489149,0.398654674005229,2,1,0000000 1111111
7,56,8196,8196,0.9999902790989171,0.37644865800393745,2,1,0000000 1111111
7,57,8196,8196,0.9999804588712388,0.39312107700970955,2,1,0000000 1111111
7,58,8196,8196,0.9998921691429405,0.4093488390062703,2,1,0000000 1111111
7,59,8196,8196,0.9999799303429626,0.35419815899513196,2,1,0000000 1111111
7,60,8196,8196,0.9999997554105032,0.38782289301161654,2,1,0000000 1111111
7,61,8196,8196,0.9999874815574236,0.4134360430034576,2,1,0000000 1111111
7,62,8196,8196,0.999907602899039,0.35504012599994894,2,1,0000000 1111111
7,63,8196,8196,0.9998977511026286,0.36348438599088695,2,1,0000000 1111111
7,64,8196,8196,0.9999758901418694,0.3433402540103998,2,1,0000000 1111111
7,65,8196,8196,0.9999130373511584,0.34639206300198566,2,1,0000000 1111111
7,66,8196,8196,0.9999406015989366,0.3717457680031657,2,1,0000000 1111111
7,67,8196,8196,0.9999904834509116,0.35740331200941,2,1,0000000 1111111
7,68,8196,8196,0.9999749229250794,0.3486971340025775,2,1,0000000 1111111
7,69,8196,8196,0.9999014236664783,0.3449519479909213,2,1,0000000 1111111
7,70,8196,8196,0.9999403597302386,0.3695487310033059,2,1,0000000 1111111
7,71,8196,8196,0.9998963342276356,0.3561562389950268,2,1,0000000 1111111
7,72,8196,8196,0.9999607058743177,0.37344993799342774,2,1,0000000 1111111
7,73,8196,8196,0.99997736770402,0.38980904599884525,2,1,0000000 1111111
7,74,8196,8196,0.9999841594576964,0.34094747599738184,2,1,0000000 1111111
7,75,8196,8196,0.9999904211056282,0.35153435899701435,2,1,0000000 1111111
7,76,8196,8196,0.9998722828025725,0.4049837700003991,2,1,0000000 1111111
7,77,8196,8196,0.9998318200923857,0.3859822369995527,2,1,0000000 1111111
7,78,8196,8196,0.9999057422270584,0.621446482007741,2,1,0000000 1111111
7,79,8196,8196,0.9999999849152604,0.5701154849957675,2,1,0000000 1111111
7,80,8196,8196,0.999879894145241,0.48752457099908497,2,1,0000000 1111111
7,81,8196,8196,0.9999996070861918,0.4644180119939847,2,1,0000000 1111111
7,82,8196,8196,0.99998620893542,0.5027635259903036,2,1,0000000 1111111
7,83,8196,8196,0.9997685623651857,0.4682995010080049,2,1,0000000 1111111
7,84,8196,8196,0.9997614968761505,0.3896341319923522,2,1,0000000 1111111
7,85,8196,8196,0.9999999866589011,0.3785579879913712,2,1,0000000 1111111
7,86,8196,8196,0.9999930460601626,0.3904906480020145,2,1,0000000 1111111
7,87,8196,8196,0.9998761234198913,0.3825185930036241,2,1,0000000 1111111
7,88,8196,8196,0.9999998593046412,0.3840295920090284,2,1,0000000 1111111
7,89,8196,8196,0.9999846420191066,0.32982760199229233,2,1,0000000 1111111
7,90,8196,8196,0.9999999081058067,0.35608862299704924,2,1,0000000 1111111
7,91,8196,8196,0.9999995150640084,0.36701864399947226,2,1,0000000 1111111
7,92,8196,8196,0.9999815420182913,0.36825558899727184,2,1,0000000 1111111
7,93,8196,8196,0.9999929083360096,0.38533194799674675,2,1,0000000 1111111
7,94,8196,8196,0.999937298512716,0.3832745569961844,2,1,0000000 1111111
7,95,8196,8196,0.9999736985910997,0.3563476039998932,2,1,0000000 1111111
7,96,8196,8196,0.9999909969181944,0.3348464369919384,2,1,0000000 1111111
7,97,8196,8196,0.999795901600712,0.37395073799416423,2,1,0000000 1111111
7,98,8196,8196,0.9999862182300355,0.36693590100912843,2,1,0000000 1111111
7,99,8196,8196,0.9999923818731671,0.32601823600998614,2,1,0000000 1111111
7,100,8196,8196,0.9999902106097156,0.33905905799474567,2,1,0000000 1111111
7,101,8196,8196,0.9994626776159816,0.36442465300206095,2,1,0000000 1111111
7,102,8196,8196,0.9999751719543648,0.36028779299522284,2,1,0000000 1111111
7,103,8196,8196,0.9999964773207796,0.37744066200684756,2,1,0000000 1111111
7,104,8196,8196,0.9999932379147307,0.36050123399763834,2,1,0000000 1111111
7,105,8196,8196,0.9999236480485063,0.36222077399725094,2,1,0000000 1111111
7,106,8196,8196,0.9999998162462098,0.369818712992128,2,1,0000000 1111111
7,107,8196,8196,0.9999823746219764,0.3494131280021975,2,1,0000000 1111111
7,108,8196,8196,0.9999999932570791,0.34828562299662735,2,1,0000000 1111111
7,109,8196,8196,0.9999927877859662,0.35600827999587636,2,1,0000000 1111111
7,110,8196,8196,0.999924472451784,0.35897376098728273,2,1,0000000 1111111
7,111,8196,8196,0.9999677553128604,0.34077692800201476,2,1,0000000 1111111
7,112,8196,8196,0.9999999853004948,0.37585632399714086,2,1,0000000 1111111
7,113,8196,8196,0.999999523659035,0.3923496619972866,2,1,0000000 1111111
7,114,8196,8196,0.9998308847000037,0.3653455089952331,2,1,0000000 1111111
7,115,8196,8196,0.9999995036455386,0.3604166149889352,2,1,0000000 1111111
7,116,8196,8196,0.9999530219161364,0.6447568039875478,2,1,0000000 1111111
7,117,8196,8196,0.9999972957230425,0.6118710099981399,2,1,0000000 1111111
7,118,8196,8196,0.9999424321913997,0.5407017700053984,2,1,0000000 1111111
7,119,8196,8196,0.999949198651282,0.6196159559913212,2,1,0000000 1111111
7,120,8196,8196,0.9999995174116081,0.4593672740011243,2,1,0000000 1111111
7,121,8196,8196,0.9999850564649705,0.3902051030017901,2,1,0000000 1111111
7,122,8196,8196,0.9999667651066316,0.38174106999940705,2,1,0000000 1111111
7,123,8196,8196,0.9998461743263233,0.4851051199948415,2,1,0000000 1111111
7,124,8196,8196,0.9998487162463507,0.42473339701246005,2,1,0000000 1111111
7,125,8196,8196,0.9999688646881999,0.4478509790060343,2,1,0000000 1111111
7,126,8196,8196,0.9999605307022037,0.3699483340024017,2,1,0000000 1111111
7,127,8196,8196,0.999919477337816,0.36960672499844804,2,1,0000000 1111111
8,0,8196,8196,0.9999950781882454,0.5934857409883989,2,1,00000000 11111111
8,1,8196,8196,0.9998975414109689,0.5565457539923955,2,1,00000000 11111111
8,2,8196,8196,0.9999490267938669,0.561209917999804,2,1,00000000 11111111
8,3,8196,8196,0.9999218420393101,0.5759198360028677,2,1,00000000 11111111
8,4,8196,8196,0.9998980302365509,0.6101466419931967,2,1,00000000 11111111
8,5,8196,8196,0.9999311955741864,0.5780970140040154,2,1,00000000 11111111
8,6,8196,8196,0.9999915866739668,0.5596288810047554,2,1,00000000 11111111
8,7,8196,8196,0.9999934340272056,0.558420888002729,2,1,00000000 11111111
8,8,8196,8196,0.9999792370827534,0.5436692090006545,2,1,00000000 11111111
8,9,8196,8196,0.9999430784096627,0.5558219520025887,2,1,00000000 11111111
8,10,8196,8196,0.9999779810109218,0.5485822889895644,2,1,00000000 11111111
8,11,8196,8196,0.9997591256717417,0.5560235640004976,2,1,00000000 11111111
8,12,8196,8196,0.9999720748836155,0.5683128109958488,2,1,00000000 11111111
8,13,8196,8196,0.999875198905761,0.5615361100062728,2,1,00000000 11111111
8,14,8196,8196,0.9999827172361239,0.5666404210060136,2,1,00000000 11111111
8,15,8196,8196,0.9989105050655147,0.5632861699996283,2,1,00000000 11111111
8,16,8196,8196,0.9999999758232471,0.7741123490122845,2,1,00000000 11111111
8,17,8196,8196,0.9999838416740937,0.8016148319875356,2,1,00000000 11111111
8,18,8196,8196,0.9993183092689937,0.6587554019934032,2,1,00000000 11111111
8,19,8196,8196,0.9999501417162625,0.7513886200031266,2,1,00000000 11111111
8,20,8196,8196,0.9999352455265558,0.607621596995159,2,1,00000000 11111111
8,21,8196,8196,0.99999063658199,0.6047075949900318,2,1,00000000 11111111
8,22,8196,8196,0.9998601054646934,0.5714790689962683,2,1,00000000 11111111
8,23,8196,8196,0.9999717344998916,0.5574509049911285,2,1,00000000 11111111
8,24,8196,8196,0.9999983840824216,0.5501848519925261,2,1,00000000 11111111
8,25,8196,8196,0.9998923427597499,0.5695226410025498,2,1,00000000 11111111
8,26,8196,8196,0.9998706382957432,0.5631839120032964,2,1,00000000 11111111
8,27,8196,8196,0.9999886620202652,0.5769862220040523,2,1,00000000 11111111
8,28,8196,8196,0.9998129379437134,0.5959848299971782,2,1,00000000 11111111
8,29,8196,8196,0.9999849604147248,0.5639915640058462,2,1,00000000 11111111
8,30,8196,8196,0.9999195575660956,0.5515286899899365,2,1,00000000 11111111
8,31,8196,8196,0.9999547382263613,0.5673348409909522,2,1,00000000 11111111
8,32,8196,8196,0.9997207639893472,0.5492343150108354,2,1,00000000 11111111
8,33,8196,8196,0.9998629501712591,0.5753295850008726,2,1,00000000 11111111
8,34,8196,8196,0.9998792541353031,0.5705245410063071,2,1,00000000 11111111
8,35,8196,8196,0.9999917696178295,0.5972836290020496,2,1,00000000 11111111
8,36,8196,8196,0.9999140883767834,0.5959750439942582,2,1,00000000 11111111
8,37,8196,8196,0.9999964902147401,0.5354006319976179,2,1,00000000 11111111
8,38,8196,8196,0.9999725302194846,0.5627222390030511,2,1,00000000 11111111
8,39,8196,8196,0.9999756393933048,0.5837589959992329,2,1,00000000 11111111
8,40,8196,8196,0.9999889527796284,0.5581726270029321,2,1,00000000 11111111
8,41,8196,8196,0.9999696670273157,0.967614154011244,2,1,00000000 11111111
8,42,8196,8196,0.9999989587660961,0.8679714559984859,2,1,00000000 11111111
8,43,8196,8196,0.999999983453317,0.8354311529983534,2,1,00000000 11111111
8,44,8196,8196,0.999960639758077,0.7859384229959687,2,1,00000000 11111111
8,45,8196,8196,0.9996758464704567,0.6994666399987182,2,1,00000000 11111111
8,46,8196,8196,0.9999999039331803,0.6379211809980916,2,1,00000000 11111111
8,47,8196,8196,0.999997075938235,0.5900728950073244,2,1,00000000 11111111
8,48,8196,8196,0.999978651636411,0.5966382890037494,2,1,00000000 11111111
8,49,8196,8196,0.9999622861321962,0.5894776289933361,2,1,00000000 11111111
8,50,8196,8196,0.999907249875274,0.6284674459893722,2,1,00000000 11111111
8,51,8196,8196,0.9999885555187791,0.5940744819963584,2,1,00000000 11111111
8,52,8196,8196,0.9992392728403604,0.571694727987051,2,1,00000000 11111111
8,53,8196,8196,0.9999661169067384,0.5714807280019158,2,1,00000000 11111111
8,54,8196,8196,0.9999928888383204,0.5618082489963854,2,1,00000000 11111111
8,55,8196,8196,0.9999090382018637,0.6049801499902969,2,1,00000000 11111111
8,56,8196,8196,0.9994994563426451,0.5894319009967148,2,1,00000000 11111111
8,57,8196,8196,0.9999868881739682,0.5726627409894718,2,1,00000000 11111111
8,58,8196,8196,0.9999859767109115,0.5653644940030063,2,1,00000000 11111111
8,59,8196,8196,0.9999289374480732,0.5631189900013851,2,1,00000000 11111111
8,60,8196,8196,0.9999981042844857,0.5540875790029531,2,1,00000000 11111111
8,61,8196,8196,0.9999957766446422,0.5498302050109487,2,1,00000000 11111111
8,62,8196,8196,0.9999994184674199,0.5574236510001356,2,1,00000000 11111111
8,63,8196,8196,0.9997607027691979,0.5596283699997002,2,1,00000000 11111111
8,64,8196,8196,0.9999877498499335,0.7983457430091221,2,1,00000000 11111111
8,65,8196,8196,0.9999296480634875,0.763439375004964,2,1,00000000 11111111
8,66,8196,8196,0.9999936036908235,0.728527077997569,2,1,00000000 11111111
8,67,8196,8196,0.9999908512879074,0.7056445819907822,2,1,00000000 11111111
8,68,8196,8196,0.9997844934873797,0.5695271669974318,2,1,00000000 11111111
8,69,8196,8196,0.9998677183112792,0.5721423040085938,2,1,00000000 11111111
8,70,8196,8196,0.9999995888751524,0.5936976719967788,2,1,00000000 11111111
8,71,8196,8196,0.9999554391803372,0.5619757269887486,2,1,00000000 11111111
8,72,8196,8196,0.9999320190092517,0.5472153570008231,2,1,00000000 11111111
8,73,8196,8196,0.999771728946548,0.5629237709945301,2,1,00000000 11111111
8,74,8196,8196,0.9999644130294526,0.5385879069945076,2,1,00000000 11111111
8,75,8196,8196,0.999971178673147,0.5672229779884219,2,1,00000000 11111111
8,76,8196,8196,0.9999597987132899,0.544411113995011,2,1,00000000 11111111
8,77,8196,8196,0.9999798413262393,0.5526717100001406,2,1,00000000 11111111
8,78,8196,8196,0.9999996756191115,0.5591211809951346,2,1,00000000 11111111
8,79,8196,8196,0.9999532221020724,0.5573669910081662,2,1,00000000 11111111
8,80,8196,8196,0.9998528975855504,0.5460234450001735,2,1,00000000 11111111
8,81,8196,8196,0.999963234700744,0.5581141830043634,2,1,00000000 11111111
8,82,8196,8196,0.9999601400761203,0.5898280830006115,2,1,00000000 11111111
8,83,8196,8196,0.9999859916133781,0.566038731005392,2,1,00000000 11111111
8,84,8196,8196,0.9998765903082284,0.5302506739972159,2,1,00000000 11111111
8,85,8196,8196,0.9999898366261436,0.543998549997923,2,1,00000000 11111111
8,86,8196,8196,0.9999869181377009,0.6355796029965859,2,1,00000000 11111111
8,87,8196,8196,0.9999853542003555,0.5858056799916085,2,1,00000000 11111111
8,88,8196,8196,0.9999575428730949,0.5593396150070475,2,1,00000000 11111111
8,89,8196,8196,0.99979972442921,0.7834042079921346,2,1,00000000 11111111
8,90,8196,8196,0.99996367273179,0.8409284109948203,2,1,00000000 11111111
8,91,8196,8196,0.9998934635258315,0.7240803169988794,2,1,00000000 11111111
8,92,8196,8196,0.9999800499686631,0.6795413090003422,2,1,00000000 11111111
8,93,8196,8196,0.9999582835991875,0.6329631449916633,2,1,00000000 11111111
8,94,8196,8196,0.9999753561834369,0.6280311859882204,2,1,00000000 11111111
8,95,8196,8196,0.9999543945333698,0.6174325749889249,2,1,00000000 11111111
8,96,8196,8196,0.9999954730442416,0.6065731749986298,2,1,00000000 11111111
8,97,8196,8196,0.9999680325741094,0.5902793409914011,2,1,00000000 11111111
8,98,8196,8196,0.9998796989772138,0.5738261879887432,2,1,00000000 11111111
8,99,8196,8196,0.9999957947617307,0.6874861239921302,2,1,00000000 11111111
8,100,8196,8196,0.999957572666662,0.5906030540063512,2,1,00000000 11111111
8,101,8196,8196,0.9999973071125768,0.5864066269859904,2,1,00000000 11111111
8,102,8196,8196,0.9998433240398351,0.6372412529890426,2,1,00000000 11111111
8,103,8196,8196,0.9999579578915941,0.5880060070048785,2,1,00000000 11111111
8,104,8196,8196,0.9999882979166466,0.585635978000937,2,1,00000000 11111111
8,105,8196,8196,0.9999989432246114,0.5612118969875155,2,1,00000000 11111111
8,106,8196,8196,0.9999667767725163,0.5859443310037022,2,1,00000000 11111111
8,107,8196,8196,0.9999833996775135,0.5855217019998236,2,1,00000000 11111111
8,108,8196,8196,0.9998648857527518,0.574351174000185,2,1,00000000 11111111
8,109,8196,8196,0.9999517962801471,0.5739941619976889,2,1,00000000 11111111
8,110,8196,8196,0.999986241196137,0.5857456030062167,2,1,00000000 11111111
8,111,8196,8196,0.9999561044678028,0.5786514850042295,2,1,00000000 11111111
8,112,8196,8196,0.9999716484315275,0.5846128839912126,2,1,00000000 11111111
8,113,8196,8196,0.9999882261170483,0.9029081409971695,2,1,00000000 11111111
8,114,8196,8196,0.9999903208939688,0.7152908199932426,2,1,00000000 11111111
8,115,8196,8196,0.9999738916815234,0.8234805960091762,2,1,00000000 11111111
8,116,8196,8196,0.99995973162405,0.6631191159976879,2,1,00000000 11111111
8,117,8196,8196,0.9999498106637309,0.6141865489917109,2,1,00000000 11111111
8,118,8196,8196,0.9999666278246524,0.5923420000035549,2,1,00000000 11111111
8,119,8196,8196,0.9997801971350474,0.5896157120005228,2,1,00000000 11111111
8,120,8196,8196,0.9999843963426248,0.5653168999997433,2,1,00000000 11111111
8,121,8196,8196,0.999994696023291,0.5433010470005684,2,1,00000000 11111111
8,122,8196,8196,0.9998287378854371,0.5714328470057808,2,1,00000000 11111111
8,123,8196,8196,0.9999960083918416,0.5751546069950564,2,1,00000000 11111111
8,124,8196,8196,0.9999604734851125,0.5597898819978582,2,1,00000000 11111111
8,125,8196,8196,0.9999998622140683,0.5608843580121174,2,1,00000000 11111111
8,126,8196,8196,0.9999699297822869,0.5733758790011052,2,1,00000000 11111111
8,127,8196,8196,0.9999273821174258,0.5534692150104092,2,1,00000000 11111111
9,0,8196,8196,0.9999872150196571,1.474009561992716,2,1,000000000 111111111
9,1,8196,8196,0.9998974225758316,1.481604350003181,2,1,000000000 111111111
9,2,8196,8196,0.9999847347017997,1.4427229519933462,2,1,000000000 111111111
9,3,8196,8196,0.9999948840472854,1.470376352997846,2,1,000000000 111111111
9,4,8196,8196,0.9998979591826107,1.9914817710086936,2,1,000000000 111111111
9,5,8196,8196,0.9999948670404005,1.602201210000203,2,1,000000000 111111111
9,6,8196,8196,0.9999991830584701,1.4616389230068307,2,1,000000000 111111111
9,7,8196,8196,0.999988301188306,1.4677718310122145,2,1,000000000 111111111
9,8,8196,8196,0.9999856308990483,1.6858628379995935,2,1,000000000 111111111
9,9,8196,8196,0.999945338289917,1.732736855992698,2,1,000000000 111111111
9,10,8196,8196,0.999999857409297,1.507906382001238,2,1,000000000 111111111
9,11,8196,8196,0.9999835198640523,1.4738088919984875,2,1,000000000 111111111
9,12,8196,8196,0.9999996461329528,1.5167231710074702,2,1,000000000 111111111
9,13,8196,8196,0.9999992684858955,1.460933403999661,2,1,000000000 111111111
9,14,8196,8196,0.9999953669076094,1.4613101160066435,2,1,000000000 111111111
9,15,8196,8196,0.9999767499226812,1.4403270429902477,2,1,000000000 111111111
9,16,8196,8196,0.9999859687696148,1.4331350080028642,2,1,000000000 111111111
9,17,8196,8196,0.9999982359305292,1.4206129869999131,2,1,000000000 111111111
9,18,8196,8196,0.9999872510164034,1.4494674089946784,2,1,000000000 111111111
9,19,8196,8196,0.9999424496807232,1.5742243860004237,2,1,000000000 111111111
9,20,8196,8196,0.9998860690784107,1.5481510780082317,2,1,000000000 111111111
9,21,8196,8196,0.9999714165366796,1.4815302440110827,2,1,000000000 111111111
9,22,8196,8196,0.999644950508684,1.4786705169972265,2,1,000000000 111111111
9,23,8196,8196,0.9999979858749265,1.4611206270055845,2,1,000000000 111111111
9,24,8196,8196,0.9999997094932473,1.4552851499902317,2,1,000000000 111111111
9,25,8196,8196,0.9999999953876944,1.436312039004406,2,1,000000000 111111111
9,26,8196,8196,0.9999959498577324,1.458869340000092,2,1,000000000 111111111
9,27,8196,8196,0.9999967377322533,1.4764500390010653,2,1,000000000 111111111
9,28,8196,8196,0.9999574366425743,1.5562625960010337,2,1,000000000 111111111
9,29,8196,8196,0.9997699532450752,1.6219593709975015,2,1,000000000 111111111
9,30,8196,8196,0.999999774221035,1.6476284219970694,2,1,000000000 111111111
9,31,8196,8196,0.9995980855983202,1.602035624004202,2,1,000000000 111111111
9,32,8196,8196,0.9999962860886978,1.63350110698957,2,1,000000000 111111111
9,33,8196,8196,0.9999924972712724,1.5297637180046877,2,1,000000000 111111111
9,34,8196,8196,0.9999664399153014,1.5124313359992811,2,1,000000000 111111111
9,35,8196,8196,0.9999872524857876,1.4868356289953226,2,1,000000000 111111111
9,36,8196,8196,0.9999622291282322,1.4935787249996793,2,1,000000000 111111111
9,37,8196,8196,0.9998815222092242,1.5435921580065042,2,1,000000000 111111111
9,38,8196,8196,0.9999748045928234,1.498655900999438,2,1,000000000 111111111
9,39,8196,8196,0.9999005975076503,1.4495777239935705,2,1,000000000 111111111
9,40,8196,8196,0.9998238419425212,1.4625429880106822,2,1,000000000 111111111
9,41,8196,8196,0.999989562021226,1.4593392300012056,2,1,000000000 111111111
9,42,8196,8196,0.9999700157932166,1.4480026509991148,2,1,000000000 111111111
9,43,8196,8196,0.9997064373243547,1.5000451149971923,2,1,000000000 111111111
9,44,8196,8196,0.998925643768956,1.523439871991286,2,1,000000000 111111111
9,45,8196,8196,0.999999551892659,1.516019968999899,2,1,000000000 111111111
9,46,8196,8196,0.9998726453274054,1.5215293189976364,2,1,000000000 111111111
9,47,8196,8196,0.999999752152603,1.4927971300057834,2,1,000000000 111111111
9,48,8196,8196,0.9999995079800811,1.5425860899995314,2,1,000000000 111111111
9,49,8196,8196,0.9999467178174102,1.5060849659930682,2,1,000000000 111111111
9,50,8196,8196,0.9999737905045729,1.4827228500071215,2,1,000000000 111111111
9,51,8196,8196,0.9999787940387069,1.489924883004278,2,1,000000000 111111111
9,52,8196,8196,0.999981229833699,1.6904862340015825,2,1,000000000 111111111
9,53,8196,8196,0.999979424481032,1.600136446999386,2,1,000000000 111111111
9,54,8196,8196,0.9999992856255094,1.5466692929912824,2,1,000000000 111111111
9,55,8196,8196,0.9999981719939474,1.5118030750018079,2,1,000000000 111111111
9,56,8196,8196,0.9999662545330853,1.5866682440100703,2,1,000000000 111111111
9,57,8196,8196,0.9998376952685987,1.4965837719937554,2,1,000000000 111111111
9,58,8196,8196,0.9999798462932884,1.4659770389989717,2,1,000000000 111111111
9,59,8196,8196,0.9999759183136013,1.4326291140023386,2,1,000000000 111111111
9,60,8196,8196,0.9999780755118153,1.4397114599996712,2,1,000000000 111111111
9,61,8196,8196,0.9999497267183362,1.451871443001437,2,1,000000000 111111111
9,62,8196,8196,0.9998472061032839,1.4400818930007517,2,1,000000000 111111111
9,63,8196,8196,0.9999883116465661,1.4793301199970301,2,1,000000000 111111111
9,64,8196,8196,0.9999958316493195,1.5230520149925724,2,1,000000000 111111111
9,65,8196,8196,0.9999742574154876,1.4676303919986822,2,1,000000000 111111111
9,66,8196,8196,0.9999992914550182,1.5464754329877906,2,1,000000000 111111111
9,67,8196,8196,0.9999995361976337,1.5153556700097397,2,1,000000000 111111111
9,68,8196,8196,0.9999721467095539,1.5195458669913933,2,1,000000000 111111111
9,69,8196,8196,0.9999797346076089,1.5416490039933706,2,1,000000000 111111111
9,70,8196,8196,0.9999808946143405,1.4946620179980528,2,1,000000000 111111111
9,71,8196,8196,0.999890863649011,1.4777020860055927,2,1,000000000 111111111
9,72,8196,8196,0.9995271866554807,1.513072011002805,2,1,000000000 111111111
9,73,8196,8196,0.9999900949829286,1.4920660289935768,2,1,000000000 111111111
9,74,8196,8196,0.9999620401851711,1.4767996160080656,2,1,000000000 111111111
9,75,8196,8196,0.9999944950415189,2.1574668130051577,2,1,000000000 111111111
9,76,8196,8196,0.999947985018194,2.0436115030024666,2,1,000000000 111111111
9,77,8196,8196,0.9998118522568076,1.679812677000882,2,1,000000000 111111111
9,78,8196,8196,0.9999996627640599,1.6999543800047832,2,1,000000000 111111111
9,79,8196,8196,0.9999725943935807,1.6296351710043382,2,1,000000000 111111111
9,80,8196,8196,0.9999672319921946,1.597080014005769,2,1,000000000 111111111
9,81,8196,8196,0.9999998907900521,1.5562807699898258,2,1,000000000 111111111
9,82,8196,8196,0.9999951412913122,1.5339128979976522,2,1,000000000 111111111
9,83,8196,8196,0.9999967718624752,1.5965692500030855,2,1,000000000 111111111
9,84,8196,8196,0.999740843942254,1.6113654159998987,2,1,000000000 111111111
9,85,8196,8196,0.9998443769580891,1.5332065249967854,2,1,000000000 111111111
9,86,8196,8196,0.999851011409093,1.494574337004451,2,1,000000000 111111111
9,87,8196,8196,0.9999995837667359,1.4910932250058977,2,1,000000000 111111111
9,88,8196,8196,0.9998279788793568,1.4578394380077953,2,1,000000000 111111111
9,89,8196,8196,0.999966943246707,1.4761608780099778,2,1,000000000 111111111
9,90,8196,8196,0.9998191205366649,1.4805806939984905,2,1,000000000 111111111
9,91,8196,8196,0.9999877984179947,1.4588947189913597,2,1,000000000 111111111
9,92,8196,8196,0.9998930442033781,1.4688266340090195,2,1,000000000 111111111
9,93,8196,8196,0.9999848646177212,1.4545119079994038,2,1,000000000 111111111
9,94,8196,8196,0.9999918625626487,1.6684280279878294,2,1,000000000 111111111
9,95,8196,8196,0.9999909420402887,1.704557097007637,2,1,000000000 111111111
9,96,8196,8196,0.9999989587660959,1.577972407991183,2,1,000000000 111111111
9,97,8196,8196,0.9999899788036418,1.494467126991367,2,1,000000000 111111111
9,98,8196,8196,0.9999418843121404,1.5313195359922247,2,1,000000000 111111111
9,99,8196,8196,0.9999590944427237,1.465361751994351,2,1,000000000 111111111
9,100,8196,8196,0.9999999975116258,1.5102302690065699,2,1,000000000 111111111
9,101,8196,8196,0.9998429734963658,1.5603556300047785,2,1,000000000 111111111
9,102,8196,8196,0.9999881938415724,1.5040462749893777,2,1,000000000 111111111
9,103,8196,8196,0.9992257835428999,1.494733098996221,2,1,000000000 111111111
9,104,8196,8196,0.9999709018581414,1.6162302849988919,2,1,000000000 111111111
9,105,8196,8196,0.9999998854014647,1.5866541520081228,2,1,000000000 111111111
9,106,8196,8196,0.9998079625419058,1.5059516350011108,2,1,000000000 111111111
9,107,8196,8196,0.9999923218549484,1.484370973004843,2,1,000000000 111111111
9,108,8196,8196,0.9998620080840295,1.4863206930021988,2,1,000000000 111111111
9,109,8196,8196,0.9999659101558721,1.5096222130086971,2,1,000000000 111111111
9,110,8196,8196,0.9999183323955116,1.493736666001496,2,1,000000000 111111111
9,111,8196,8196,0.9999992490885814,1.4853072300029453,2,1,000000000 111111111
9,112,8196,8196,0.9999969282823512,1.4563267079938669,2,1,000000000 111111111
9,113,8196,8196,0.9999033058745208,1.4756440100027248,2,1,000000000 111111111
9,114,8196,8196,0.999915394608442,1.6010480480035767,2,1,000000000 111111111
9,115,8196,8196,0.9998915553741318,1.5163971860019956,2,1,000000000 111111111
9,116,8196,8196,0.9999995499414702,1.4872483280050801,2,1,000000000 111111111
9,117,8196,8196,0.9999721456314631,1.4947135249967687,2,1,000000000 111111111
9,118,8196,8196,0.9999979686876727,1.4800191760004964,2,1,000000000 111111111
9,119,8196,8196,0.999993277223354,1.4545432680024533,2,1,000000000 111111111
9,120,8196,8196,0.9999848844067609,1.4682887600065442,2,1,000000000 111111111
9,121,8196,8196,0.999722827598791,1.4852383410034236,2,1,000000000 111111111
9,122,8196,8196,0.9994990530419501,1.4595357979997061,2,1,000000000 111111111
9,123,8196,8196,0.9999997462073221,1.4767277240025578,2,1,000000000 111111111
9,124,8196,8196,0.999616039753294,1.654840688992408,2,1,000000000 111111111
9,125,8196,8196,0.9999980725139903,1.7485578850028105,2,1,000000000 111111111
9,126,8196,8196,0.9999519120322236,1.5044007739925291,2,1,000000000 111111111
9,127,8196,8196,0.999968149516399,1.4926433490036288,2,1,000000000 111111111
10,0,8196,8196,0.999998335923856,5.249821707999217,2,1,0000000000 1111111111
10,1,8196,8196,0.9999981191801359,5.376973711987375,2,1,0000000000 1111111111
10,2,8196,8196,0.9997792645744626,5.299059167999076,2,1,0000000000 1111111111
10,3,8196,8196,0.9999629914234587,5.277069721996668,2,1,0000000000 1111111111
10,4,8196,8196,0.9999433240906866,5.542260761998477,2,1,0000000000 1111111111
10,5,8196,8196,0.999979096295422,5.433723294001538,2,1,0000000000 1111111111
10,6,8196,8196,0.9998704587867364,5.311972063995199,2,1,0000000000 1111111111
10,7,8196,8196,0.999982287528867,5.311149400004069,2,1,0000000000 1111111111
10,8,8196,8196,0.9999736415086626,5.28733001499495,2,1,0000000000 1111111111
10,9,8196,8196,0.9999188853123113,5.4110569059994305,2,1,0000000000 1111111111
10,10,8196,8196,0.9998012580492777,5.300734292002744,2,1,0000000000 1111111111
10,11,8196,8196,0.9998991318853198,5.484134569996968,2,1,0000000000 1111111111
10,12,8196,8196,0.9998524590131813,5.468096402008086,2,1,0000000000 1111111111
10,13,8196,8196,0.9999165072395801,5.432264363000286,2,1,0000000000 1111111111
10,14,8196,8196,0.9998901816054632,5.4142505310010165,2,1,0000000000 1111111111
10,15,8196,8196,0.999637420192302,5.4259839479927905,2,1,0000000000 1111111111
10,16,8196,8196,0.9999494393193972,5.270815807991312,2,1,0000000000 1111111111
10,17,8196,8196,0.9999051483877498,5.320242692992906,2,1,0000000000 1111111111
10,18,8196,8196,0.9999998810499071,5.358782022012747,2,1,0000000000 1111111111
10,19,8196,8196,0.9995791727694168,5.295200228996691,2,1,0000000000 1111111111
10,20,8196,8196,0.9999872468787614,5.459535310001229,2,1,0000000000 1111111111
10,21,8196,8196,0.9999980745512365,5.282425762008643,2,1,0000000000 1111111111
10,22,8196,8196,0.9999957240829399,5.253483113003313,2,1,0000000000 1111111111
10,23,8196,8196,0.9999980258075303,5.626923069998156,2,1,0000000000 1111111111
10,24,8196,8196,0.9997883096942386,5.407645110986778,2,1,0000000000 1111111111
10,25,8196,8196,0.9999732980617289,5.2549208929995075,2,1,0000000000 1111111111
10,26,8196,8196,0.9999872385560555,5.343978963006521,2,1,0000000000 1111111111
10,27,8196,8196,0.9997841284245356,5.268757439000183,2,1,0000000000 1111111111
10,28,8196,8196,0.999994648069331,5.256653233998804,2,1,0000000000 1111111111
10,29,8196,8196,0.9999889413101976,5.361479669008986,2,1,0000000000 1111111111
10,30,8196,8196,0.9999999398089836,5.316924232000019,2,1,0000000000 1111111111
10,31,8196,8196,0.9998249467612162,5.267039354002918,2,1,0000000000 1111111111
10,32,8196,8196,0.9999980305541436,5.302345723001054,2,1,0000000000 1111111111
10,33,8196,8196,0.9997540719089623,5.24825138199958,2,1,0000000000 1111111111
10,34,8196,8196,0.9999312967188437,5.25449053500779,2,1,0000000000 1111111111
10,35,8196,8196,0.9999966165916186,5.270612905995222,2,1,0000000000 1111111111
10,36,8196,8196,0.9999888392165116,5.232609494996723,2,1,0000000000 1111111111
10,37,8196,8196,0.9999411151691971,5.283146159010357,2,1,0000000000 1111111111
10,38,8196,8196,0.9999876512563566,5.314973353000823,2,1,0000000000 1111111111
10,39,8196,8196,0.9999386998374411,5.240274041992961,2,1,0000000000 1111111111
10,40,8196,8196,0.9998812476464072,5.574901469997712,2,1,0000000000 1111111111
10,41,8196,8196,0.9996253331686016,5.31154938400141,2,1,0000000000 1111111111
10,42,8196,8196,0.9996813370144364,5.2499332150036935,2,1,0000000000 1111111111
10,43,8196,8196,0.9999944859014626,5.342929621998337,2,1,0000000000 1111111111
10,44,8196,8196,0.9999834025906839,5.225859202997526,2,1,0000000000 1111111111
10,45,8196,8196,0.99999249758264,5.24726905800344,2,1,0000000000 1111111111
10,46,8196,8196,0.9998725945837111,5.3236837279982865,2,1,0000000000 1111111111
10,47,8196,8196,0.9999331575869458,5.2821486280008685,2,1,0000000000 1111111111
10,48,8196,8196,0.9999709500951611,5.147587034996832,2,1,0000000000 1111111111
10,49,8196,8196,0.9996517799978631,5.345734298010939,2,1,0000000000 1111111111
10,50,8196,8196,0.9995956480463756,5.330918824998662,2,1,0000000000 1111111111
10,51,8196,8196,0.9999734643002011,5.20166980799695,2,1,0000000000 1111111111
10,52,8196,8196,0.9999119056403223,5.240968566999072,2,1,0000000000 1111111111
10,53,8196,8196,0.9999251778224953,5.14407222099544,2,1,0000000000 1111111111
10,54,8196,8196,0.9996984402035932,5.142217171000084,2,1,0000000000 1111111111
10,55,8196,8196,0.9998954394875975,5.313487428997178,2,1,0000000000 1111111111
10,56,8196,8196,0.9999999891266644,5.273871041004895,2,1,0000000000 1111111111
10,57,8196,8196,0.9999999743836073,5.1692178009980125,2,1,0000000000 1111111111
10,58,8196,8196,0.9999571818862301,5.1280854450014886,2,1,0000000000 1111111111
10,59,8196,8196,0.9999999741158507,5.154960757005028,2,1,0000000000 1111111111
10,60,8196,8196,0.9997478896811606,5.3246343479986535,2,1,0000000000 1111111111
10,61,8196,8196,0.9998974665389524,5.184933872995316,2,1,0000000000 1111111111
10,62,8196,8196,0.9999920669468105,5.196919173991773,2,1,0000000000 1111111111
10,63,8196,8196,0.9999408249006743,5.302405433001695,2,1,0000000000 1111111111
10,64,8196,8196,0.9999998607014593,5.15914660099952,2,1,0000000000 1111111111
10,65,8196,8196,0.9999990544679057,5.099768187006703,2,1,0000000000 1111111111
10,66,8196,8196,0.9999408249006743,5.186941128995386,2,1,0000000000 1111111111
10,67,8196,8196,0.9999623607346652,5.1600880269979825,2,1,0000000000 1111111111
10,68,8196,8196,0.9999161004286051,5.112681215003249,2,1,0000000000 1111111111
10,69,8196,8196,0.9999613407637036,5.281238983006915,2,1,0000000000 1111111111
10,70,8196,8196,0.9999838790617245,5.155355586000951,2,1,0000000000 1111111111
10,71,8196,8196,0.9999611047094444,5.119983805008815,2,1,0000000000 1111111111
10,72,8196,8196,0.9999623701583822,5.287292006993084,2,1,0000000000 1111111111
10,73,8196,8196,0.9997452950167249,5.213036080007441,2,1,0000000000 1111111111
10,74,8196,8196,0.9998441360805229,5.190782863995992,2,1,0000000000 1111111111
10,75,8196,8196,0.999929869022045,5.172755916006281,2,1,0000000000 1111111111
10,76,8196,8196,0.9999394037977858,5.132467593997717,2,1,0000000000 1111111111
10,77,8196,8196,0.9999936359223163,5.115600890014321,2,1,0000000000 1111111111
10,78,8196,8196,0.9999827315918628,5.1112537090084516,2,1,0000000000 1111111111
10,79,8196,8196,0.9999770040152982,5.127092303999234,2,1,0000000000 1111111111
10,80,8196,8196,0.9999174819680259,5.179486844004714,2,1,0000000000 1111111111
10,81,8196,8196,0.9999739151315741,5.260786847997224,2,1,0000000000 1111111111
10,82,8196,8196,0.9999966722385127,5.170870974994614,2,1,0000000000 1111111111
10,83,8196,8196,0.9999675484894952,5.129792722000275,2,1,0000000000 1111111111
10,84,8196,8196,0.9999850054125902,5.076798180001788,2,1,0000000000 1111111111
10,85,8196,8196,0.9999391725207735,5.100933838999481,2,1,0000000000 1111111111
10,86,8196,8196,0.9999721310160533,5.114579373999732,2,1,0000000000 1111111111
10,87,8196,8196,0.9999338130211137,5.064575794007396,2,1,0000000000 1111111111
10,88,8196,8196,0.999995770388566,5.127871626988053,2,1,0000000000 1111111111
10,89,8196,8196,0.9999106963938927,5.124168930997257,2,1,0000000000 1111111111
10,90,8196,8196,0.999978511341669,5.108357065997552,2,1,0000000000 1111111111
10,91,8196,8196,0.9999650451167246,5.082168116001412,2,1,0000000000 1111111111
10,92,8196,8196,0.9999295338120097,5.182926328998292,2,1,0000000000 1111111111
10,93,8196,8196,0.999931066159559,5.287655430001905,2,1,0000000000 1111111111
10,94,8196,8196,0.9994147775105752,5.138166902994271,2,1,0000000000 1111111111
10,95,8196,8196,0.9999955465449158,5.472236089990474,2,1,0000000000 1111111111
10,96,8196,8196,0.9998424505403477,5.150505359997624,2,1,0000000000 1111111111
10,97,8196,8196,0.9999917504700506,5.105197721000877,2,1,0000000000 1111111111
10,98,8196,8196,0.9999999956454286,5.212968553998508,2,1,0000000000 1111111111
10,99,8196,8196,0.9999758207142663,5.2209391109936405,2,1,0000000000 1111111111
10,100,8196,8196,0.9999961230079605,5.098797802987974,2,1,0000000000 1111111111
10,101,8196,8196,0.9996845193804532,5.1404588839941425,2,1,0000000000 1111111111
10,102,8196,8196,0.9999999966703168,5.116290233010659,2,1,0000000000 1111111111
10,103,8196,8196,0.9999907087587505,5.164762879998307,2,1,0000000000 1111111111
10,104,8196,8196,0.999970168204457,5.227374953989056,2,1,0000000000 1111111111
10,105,8196,8196,0.9999878068185301,5.236986404997879,2,1,0000000000 1111111111
10,106,8196,8196,0.9999509872803344,5.185886715000379,2,1,0000000000 1111111111
10,107,8196,8196,0.9985425716101013,5.250245770002948,2,1,0000000000 1111111111
10,108,8196,8196,0.9999131607025441,5.24389043400879,2,1,0000000000 1111111111
10,109,8196,8196,0.9999558071801664,5.16233220200229,2,1,0000000000 1111111111
10,110,8196,8196,0.9999999837886863,5.178126417013118,2,1,0000000000 1111111111
10,111,8196,8196,0.9999765132445202,5.191589649999514,2,1,0000000000 1111111111
10,112,8196,8196,0.9999999727155513,5.237054730008822,2,1,0000000000 1111111111
10,113,8196,8196,0.999940700836539,5.121066359002725,2,1,0000000000 1111111111
10,114,8196,8196,0.9999823676490418,5.300224689999595,2,1,0000000000 1111111111
10,115,8196,8196,0.999989035448394,5.347334195001167,2,1,0000000000 1111111111
10,116,8196,8196,0.9999612265846994,5.393205904008937,2,1,0000000000 1111111111
10,117,8196,8196,0.9999844784806127,5.3118987920024665,2,1,0000000000 1111111111
10,118,8196,8196,0.9999039172004941,5.330236933994456,2,1,0000000000 1111111111
10,119,8196,8196,0.9999804410233242,5.3495499410055345,2,1,0000000000 1111111111
10,120,8196,8196,0.9999736757204928,5.2638182529917685,2,1,0000000000 1111111111
10,121,8196,8196,0.999952447688668,5.249433407007018,2,1,0000000000 1111111111
10,122,8196,8196,0.9999688366282375,5.145144611000433,2,1,0000000000 1111111111
10,123,8196,8196,0.9999869925746928,5.142942300008144,2,1,0000000000 1111111111
10,124,8196,8196,0.9999926602901157,5.3045926459890325,2,1,0000000000 1111111111
10,125,8196,8196,0.9999984783455897,5.270182857988402,2,1,0000000000 1111111111
10,126,8196,8196,0.999991352369624,5.232304142002249,2,1,0000000000 1111111111
10,127,8196,8196,0.999999413708091,5.235224659991218,2,1,0000000000 1111111111
