n,run_idx,phase_bits,phase1_shots,phase2_shots,fidelity,elapsed_s,support_size,support_hit,support_indices
5,0,5,16384,8192,0.9999209397081448,7.682415800009039,2,1,00000 11111
5,1,5,16384,8192,0.9999965430872761,7.79511380000622,2,1,00000 11111
5,2,5,16384,8192,0.9999890352176869,7.507641499993042,2,1,00000 11111
5,3,5,16384,8192,0.9999117130397864,7.519447400001809,2,1,00000 11111
5,4,5,16384,8192,0.9999367046842773,7.4876717000006465,2,1,00000 11111
5,5,5,16384,8192,0.9999998433648817,7.587476799992146,2,1,00000 11111
5,6,5,16384,8192,0.9999185377455418,7.463943499999004,2,1,00000 11111
5,7,5,16384,8192,0.9999853395388419,7.5114953000011155,2,1,00000 11111
5,8,5,16384,8192,0.9999449278077821,7.541336700000102,2,1,00000 11111
5,9,5,16384,8192,0.9999437424327317,7.514863100004732,2,1,00000 11111
5,10,5,16384,8192,0.9999124965279377,7.489621200002148,2,1,00000 11111
5,11,5,16384,8192,0.9998934826943147,7.470102100007352,2,1,00000 11111
5,12,5,16384,8192,0.999923117220394,7.46410179999657,2,1,00000 11111
5,13,5,16384,8192,0.9999890649334662,7.504519699999946,2,1,00000 11111
5,14,5,16384,8192,0.9999867688349787,7.447057799989125,2,1,00000 11111
5,15,5,16384,8192,0.9999884429428171,7.406452100010938,2,1,00000 11111
5,16,5,16384,8192,0.9999862927226288,7.551069199995254,2,1,00000 11111
5,17,5,16384,8192,0.9999362786268103,7.576983100007055,2,1,00000 11111
5,18,5,16384,8192,0.9999405757341268,7.456272900002659,2,1,00000 11111
5,19,5,16384,8192,0.9999723605920369,7.460533099991153,2,1,00000 11111
5,20,5,16384,8192,0.9999243398051015,7.428532999998424,2,1,00000 11111
5,21,5,16384,8192,0.9999901978903672,7.6337816000013845,2,1,00000 11111
5,22,5,16384,8192,0.9999981308283098,7.421405300003244,2,1,00000 11111
5,23,5,16384,8192,0.9999685350190359,7.479381600001943,2,1,00000 11111
5,24,5,16384,8192,0.9999420470949344,7.561760600001435,2,1,00000 11111
5,25,5,16384,8192,0.9997788981675085,7.700692800004617,2,1,00000 11111
5,26,5,16384,8192,0.99998900741017,7.5962842000008095,2,1,00000 11111
5,27,5,16384,8192,0.9998561537314323,7.524967699995614,2,1,00000 11111
5,28,5,16384,8192,0.9999943041831161,7.565165000007255,2,1,00000 11111
5,29,5,16384,8192,0.9999907466223773,7.605227699998068,2,1,00000 11111
5,30,5,16384,8192,0.9999973248464923,7.552192499992088,2,1,00000 11111
5,31,5,16384,8192,0.9999932809367553,7.523472299988498,2,1,00000 11111
5,32,5,16384,8192,0.9998409895793356,7.631042100008926,2,1,00000 11111
5,33,5,16384,8192,0.9999890333880774,7.568164199998137,2,1,00000 11111
5,34,5,16384,8192,0.9999928741546487,7.543690499995137,2,1,00000 11111
5,35,5,16384,8192,0.9999987903940878,7.470138999997289,2,1,00000 11111
5,36,5,16384,8192,0.9999998467311236,7.570015899997088,2,1,00000 11111
5,37,5,16384,8192,0.999942850246302,7.573722000000998,2,1,00000 11111
5,38,5,16384,8192,0.9999431572957979,7.560689899997669,2,1,00000 11111
5,39,5,16384,8192,0.9999825651680186,7.511678300012136,2,1,00000 11111
5,40,5,16384,8192,0.9999373720168129,7.565820399991935,2,1,00000 11111
5,41,5,16384,8192,0.9998362321883735,7.59495899999456,2,1,00000 11111
5,42,5,16384,8192,0.9999068933058701,7.524276600001031,2,1,00000 11111
5,43,5,16384,8192,0.999965258772919,7.4966382999991765,2,1,00000 11111
5,44,5,16384,8192,0.9999984537509323,7.54125280000153,2,1,00000 11111
5,45,5,16384,8192,0.9999269929675764,7.5763869999937015,2,1,00000 11111
5,46,5,16384,8192,0.999882865325404,8.029464199993527,2,1,00000 11111
5,47,5,16384,8192,0.9999821101559278,7.533662199988612,2,1,00000 11111
5,48,5,16384,8192,0.9999916602189662,7.535432500008028,2,1,00000 11111
5,49,5,16384,8192,0.9999816890953147,7.518263400008436,2,1,00000 11111
5,50,5,16384,8192,0.9999878986528828,7.536288400006015,2,1,00000 11111
5,51,5,16384,8192,0.9999783601723197,7.527844199998071,2,1,00000 11111
5,52,5,16384,8192,0.9999300587262915,7.595918499995605,2,1,00000 11111
5,53,5,16384,8192,0.9999808048681774,7.466791800005012,2,1,00000 11111
5,54,5,16384,8192,0.9999995223593523,7.4713328999932855,2,1,00000 11111
5,55,5,16384,8192,0.9999947540246319,7.559184300000197,2,1,00000 11111
5,56,5,16384,8192,0.9998989943918039,7.653609399989364,2,1,00000 11111
5,57,5,16384,8192,0.9999948311827155,7.475994200009154,2,1,00000 11111
5,58,5,16384,8192,0.9999974179927706,7.550270299994736,2,1,00000 11111
5,59,5,16384,8192,0.9999693494547727,7.526409400001285,2,1,00000 11111
5,60,5,16384,8192,0.999995920686505,7.584318000008352,2,1,00000 11111
5,61,5,16384,8192,0.9999958007123828,7.562835699995048,2,1,00000 11111
5,62,5,16384,8192,0.9999948630228963,7.49244999999064,2,1,00000 11111
5,63,5,16384,8192,0.9999741072975503,7.53827679999813,2,1,00000 11111
5,64,5,16384,8192,0.9999873476531015,7.602784999995492,2,1,00000 11111
5,65,5,16384,8192,0.99999104346052,7.542725599996629,2,1,00000 11111
5,66,5,16384,8192,0.9999769387088216,7.451871799989021,2,1,00000 11111
5,67,5,16384,8192,0.9999556614810977,7.516162899992196,2,1,00000 11111
5,68,5,16384,8192,0.9999167682685055,7.5923145999986446,2,1,00000 11111
5,69,5,16384,8192,0.9999712449051341,7.556122000009054,2,1,00000 11111
5,70,5,16384,8192,0.9999317090078628,7.4474184999999125,2,1,00000 11111
5,71,5,16384,8192,0.9998798563377238,7.551623799998197,2,1,00000 11111
5,72,5,16384,8192,0.9999706061473752,7.688202400007867,2,1,00000 11111
5,73,5,16384,8192,0.9999960308860979,7.553430200001458,2,1,00000 11111
5,74,5,16384,8192,0.9999957265096413,7.47871579999628,2,1,00000 11111
5,75,5,16384,8192,0.9999472237340007,7.496594399999594,2,1,00000 11111
5,76,5,16384,8192,0.9999723911416787,7.645567600004142,2,1,00000 11111
5,77,5,16384,8192,0.9999981699547306,7.530112399996142,2,1,00000 11111
5,78,5,16384,8192,0.9999765484639699,7.5206706000026315,2,1,00000 11111
5,79,5,16384,8192,0.9999840394797894,7.5745425000059186,2,1,00000 11111
5,80,5,16384,8192,0.999999154263968,7.578690099995583,2,1,00000 11111
5,81,5,16384,8192,0.9999747734752623,7.5295745999901555,2,1,00000 11111
5,82,5,16384,8192,0.999995048051961,7.468088900001021,2,1,00000 11111
5,83,5,16384,8192,0.9999565245939241,7.532451999999466,2,1,00000 11111
5,84,5,16384,8192,0.9999957679939055,7.694381499997689,2,1,00000 11111
5,85,5,16384,8192,0.999992836641236,7.4814751999947475,2,1,00000 11111
5,86,5,16384,8192,0.9999162735647701,7.571533099995577,2,1,00000 11111
5,87,5,16384,8192,0.999838933824835,7.540179100004025,2,1,00000 11111
5,88,5,16384,8192,0.9999244547221103,7.615108800004236,2,1,00000 11111
5,89,5,16384,8192,0.999900475147622,7.520251400012057,2,1,00000 11111
5,90,5,16384,8192,0.9999787483756469,7.627063200008706,2,1,00000 11111
5,91,5,16384,8192,0.9997962875815076,7.52312329999404,2,1,00000 11111
5,92,5,16384,8192,0.9999997340307473,7.667726300001959,2,1,00000 11111
5,93,5,16384,8192,0.999993357533208,7.536150100000668,2,1,00000 11111
5,94,5,16384,8192,0.999958241181879,7.449272700003348,2,1,00000 11111
5,95,5,16384,8192,0.9999680155095559,7.544623599998886,2,1,00000 11111
5,96,5,16384,8192,0.9999712308275194,7.725340000004508,2,1,00000 11111
5,97,5,16384,8192,0.9999642456122665,7.516737700003432,2,1,00000 11111
5,98,5,16384,8192,0.9999966299273247,7.496843299988541,2,1,00000 11111
5,99,5,16384,8192,0.9999266721372273,7.595759199990425,2,1,00000 11111
5,100,5,16384,8192,0.9999287571919169,7.75875019999512,2,1,00000 11111
5,101,5,16384,8192,0.9999371984744742,7.474994999996852,2,1,00000 11111
5,102,5,16384,8192,0.9999642629318938,7.59603079999215,2,1,00000 11111
5,103,5,16384,8192,0.9999813141568848,7.501750199997332,2,1,00000 11111
5,104,5,16384,8192,0.9998787599556433,7.844652900006622,2,1,00000 11111
5,105,5,16384,8192,0.9999425233760452,7.554502300001332,2,1,00000 11111
5,106,5,16384,8192,0.9999681101974165,7.539387400000123,2,1,00000 11111
5,107,5,16384,8192,0.9998454331022523,7.493808100000024,2,1,00000 11111
5,108,5,16384,8192,0.9999997834043666,7.835388600011356,2,1,00000 11111
5,109,5,16384,8192,0.999804464685611,7.4552373999904376,2,1,00000 11111
5,110,5,16384,8192,0.9999156791159642,7.655706999998074,2,1,00000 11111
5,111,5,16384,8192,0.9999993098700033,7.54329040000448,2,1,00000 11111
5,112,5,16384,8192,0.9999896411457653,7.8253376000066055,2,1,00000 11111
5,113,5,16384,8192,0.9999941333393638,7.600008499997784,2,1,00000 11111
5,114,5,16384,8192,0.9999740986420727,7.642542999994475,2,1,00000 11111
5,115,5,16384,8192,0.9999729164249097,7.582985300003202,2,1,00000 11111
5,116,5,16384,8192,0.9999879769386871,7.877744099998381,2,1,00000 11111
5,117,5,16384,8192,0.9998338846802608,7.53703440001118,2,1,00000 11111
5,118,5,16384,8192,0.9999995123036318,7.527485500002513,2,1,00000 11111
5,119,5,16384,8192,0.9999195381707421,7.543574499999522,2,1,00000 11111
5,120,5,16384,8192,0.9999884802708608,7.794183200006955,2,1,00000 11111
5,121,5,16384,8192,0.9999841039139654,7.530413300002692,2,1,00000 11111
5,122,5,16384,8192,0.9999560659475561,7.4794731000001775,2,1,00000 11111
5,123,5,16384,8192,0.999998049147597,7.570548799994867,2,1,00000 11111
5,124,5,16384,8192,0.9999961516396522,7.789646299992455,2,1,00000 11111
5,125,5,16384,8192,0.9999983646718942,7.5384871999995084,2,1,00000 11111
5,126,5,16384,8192,0.9999944231846941,8.08963830000721,2,1,00000 11111
5,127,5,16384,8192,0.999927666894708,7.646675700001651,2,1,00000 11111
6,0,6,16384,8192,0.9999984760856325,146.43181119998917,2,1,000000 111111
6,1,6,16384,8192,0.9999998024059127,146.48108689999208,2,1,000000 111111
6,2,6,16384,8192,0.999999695106678,148.55839420000848,2,1,000000 111111
6,3,6,16384,8192,0.9999969591528746,146.38112450001063,2,1,000000 111111
6,4,6,16384,8192,0.9999968743045078,161.61450419999892,2,1,000000 111111
6,5,6,16384,8192,0.9999993462192094,262.89832829999796,2,1,000000 111111
6,6,6,16384,8192,0.9999995262400417,148.67537209999864,2,1,000000 111111
